adresse_vs	nom_ghidra_vs	taille	etat_vs	issue	image_jumelle	adresse_jumelle	fichier_cs	nom_csharp	mots_differents
0x80021D44	FUN_80021d44	80	ABSENTE	PORTEE_AILLEURS	SELECT	0x80021CE4	SELECT_EXE/MemoryCard.cs	MemoryCard.InitializeMemoryCard	0
0x80021D94	FUN_80021d94	256	ABSENTE	PORTEE_AILLEURS	SELECT	0x80021D34	SELECT_EXE/MemoryCard.cs	MemoryCard.ShutdownMemoryCard	16
0x80021E94	FUN_80021e94	216	ABSENTE	PORTEE_AILLEURS	SELECT	0x80021E34	SELECT_EXE/MemoryCard.cs	MemoryCard.ProbeMemoryCard	2
0x80021F6C	FUN_80021f6c	168	ABSENTE	PORTEE_AILLEURS	SELECT	0x80021F0C	SELECT_EXE/MemoryCard.cs	MemoryCard.RepollMemoryCard	0
0x80022014	FUN_80022014	112	ABSENTE	PORTEE_AILLEURS	SELECT	0x80021FB4	SELECT_EXE/MemoryCard.cs	MemoryCard.QueryCardStatus	0
0x80022084	FUN_80022084	112	ABSENTE	PORTEE_AILLEURS	SELECT	0x80022024	SELECT_EXE/CardRecords.cs	CardRecords.GetFreeCardBlocks	0
0x800220F4	FUN_800220f4	64	ABSENTE	PORTEE_AILLEURS	SELECT	0x80022094	SELECT_EXE/CardRecords.cs	CardRecords.FormatMemoryCard	0
0x80022134	FUN_80022134	100	ABSENTE	PORTEE_AILLEURS	SELECT	0x800220D4	SELECT_EXE/MemoryCard.cs	MemoryCard.IsSaveFileMissing	0
0x80022198	FUN_80022198	152	ABSENTE	PORTEE_AILLEURS	SELECT	0x80022138	SELECT_EXE/CardRecords.cs	CardRecords.CreateSaveFile	0
0x80022230	FUN_80022230	116	ABSENTE	PORTEE_AILLEURS	SELECT	0x800221D0	SELECT_EXE/MemoryCard.cs	MemoryCard.FUN_800221d0	4
0x800222A4	FUN_800222a4	116	ABSENTE	PORTEE_AILLEURS	SELECT	0x80022244	SELECT_EXE/MemoryCard.cs	MemoryCard.FUN_80022244	4
0x80022318	FUN_80022318	72	ABSENTE	PORTEE_AILLEURS	SELECT	0x800222B8	SELECT_EXE/MemoryCard.cs	MemoryCard.FUN_800222b8	4
0x80022360	FUN_80022360	72	ABSENTE	PORTEE_AILLEURS	SELECT	0x80022300	SELECT_EXE/MemoryCard.cs	MemoryCard.FUN_80022300	4
0x800223A8	FUN_800223a8	360	ABSENTE	PORTEE_AILLEURS	SELECT	0x80022348	SELECT_EXE/MemoryCard.cs	MemoryCard.OpenMemoryCardEvents	16
0x80022510	FUN_80022510	584	ABSENTE	PORTEE_AILLEURS	SELECT	0x800224B0	SELECT_EXE/CardRecords.cs	CardRecords.WriteSaveHeader	0
0x80022758	FUN_80022758	280	ABSENTE	PORTEE_AILLEURS	SELECT	0x800226F8	SELECT_EXE/CardRecords.cs	CardRecords.WriteSaveRecord	0
0x80022870	FUN_80022870	308	ABSENTE	PORTEE_AILLEURS	SELECT	0x80022810	SELECT_EXE/MemoryCard.cs	MemoryCard.ReadSaveRecord	0
0x800229A4	FUN_800229a4	144	ABSENTE	JUMELLE_NON_PORTEE	TITLE	0x80023290	-	-	2
0x80022A34	FUN_80022a34	40	ABSENTE	JUMELLE_NON_PORTEE	TITLE	0x80023320	-	-	2
0x80022A5C	FUN_80022a5c	44	ABSENTE	JUMELLE_NON_PORTEE	TITLE	0x80023348	-	-	2
0x80022A88	FUN_80022a88	40	ABSENTE	JUMELLE_NON_PORTEE	TITLE	0x80023374	TITLE_EXE/TitleScreenTask.cs	TitleScreenTask.FUN_80023374	1
0x80022AB0	FUN_80022ab0	2148	ABSENTE	JUMELLE_NON_PORTEE	TITLE	0x8002339C	-	-	53
0x80023314	FUN_80023314	1404	ABSENTE	JUMELLE_NON_PORTEE	TITLE	0x80023C00	-	-	25
0x80023890	FUN_80023890	5096	ABSENTE	JUMELLE_NON_PORTEE	TITLE	0x8002417C	-	-	0
0x80024C78	FUN_80024c78	2076	ABSENTE	JUMELLE_NON_PORTEE	TITLE	0x80025564	-	-	0
0x80025494	FUN_80025494	220	ABSENTE	JUMELLE_NON_PORTEE	TITLE	0x80025D80	-	-	0
0x80025570	FUN_80025570	492	ABSENTE	JUMELLE_NON_PORTEE	TITLE	0x80025E5C	-	-	0
0x8002575C	FUN_8002575c	736	ABSENTE	JUMELLE_NON_PORTEE	TITLE	0x80026048	-	-	0
0x80025A3C	FUN_80025a3c	212	ABSENTE	JUMELLE_NON_PORTEE	TITLE	0x80026328	-	-	0
0x80025B10	FUN_80025b10	692	ABSENTE	JUMELLE_NON_PORTEE	TITLE	0x800263FC	-	-	0
0x80025DC4	FUN_80025dc4	372	ABSENTE	JUMELLE_NON_PORTEE	TITLE	0x800266B0	-	-	0
0x80025F38	FUN_80025f38	692	ABSENTE	JUMELLE_NON_PORTEE	TITLE	0x80026824	-	-	0
0x800261EC	FUN_800261ec	304	ABSENTE	JUMELLE_NON_PORTEE	TITLE	0x80026AD8	-	-	0
0x8002631C	FUN_8002631c	264	ABSENTE	JUMELLE_NON_PORTEE	TITLE	0x80026C08	-	-	0
0x80026424	FUN_80026424	180	ABSENTE	JUMELLE_NON_PORTEE	TITLE	0x80026D10	-	-	0
0x800264D8	FUN_800264d8	684	ABSENTE	JUMELLE_NON_PORTEE	TITLE	0x80026DC4	-	-	0
0x80026784	FUN_80026784*	260	ABSENTE	JUMELLE_NON_PORTEE	TITLE	0x80027070	-	-	0
0x80026888	FUN_80026888*	416	ABSENTE	PORTEE_AILLEURS	TITLE	0x80027174	TITLE_EXE/SecondScreenSetup.cs	SecondScreenSetup.FUN_80027174	0
0x80026A28	FUN_80026a28	64	ABSENTE	JUMELLE_NON_PORTEE	TITLE	0x80027314	-	-	0
0x80026A68	FUN_80026a68	88	SOUCHE	PORTEE_AILLEURS	TITLE	0x80027354	TITLE_EXE/SecondScreenSetup.cs	SecondScreenSetup.FUN_80027354	0
0x80026AC0	FUN_80026ac0	584	ABSENTE	JUMELLE_NON_PORTEE	TITLE	0x800273AC	-	-	0
0x80026D08	FUN_80026d08	144	ABSENTE	JUMELLE_NON_PORTEE	TITLE	0x800275F4	-	-	0
0x80026D98	FUN_80026d98	1448	ABSENTE	JUMELLE_NON_PORTEE	TITLE	0x80027684	-	-	0
0x80027340	FUN_80027340	816	ABSENTE	JUMELLE_NON_PORTEE	TITLE	0x80027C2C	-	-	0
0x80027670	FUN_80027670	6600	ABSENTE	JUMELLE_NON_PORTEE	TITLE	0x80027F5C	-	-	0
0x80029038	FUN_80029038*	76	ABSENTE	JUMELLE_NON_PORTEE	TITLE	0x80029924	-	-	0
0x80029084	FUN_80029084*	76	ABSENTE	JUMELLE_NON_PORTEE	TITLE	0x80029970	-	-	0
0x800290D0	FUN_800290d0	76	SOUCHE	JUMELLE_NON_PORTEE	TITLE	0x800299BC	-	-	0
0x8002911C	FUN_8002911c*	76	ABSENTE	JUMELLE_NON_PORTEE	TITLE	0x80029A08	-	-	0
0x80029168	FUN_80029168*	76	ABSENTE	JUMELLE_NON_PORTEE	TITLE	0x80029A54	-	-	0
0x800291B4	FUN_800291b4*	76	ABSENTE	JUMELLE_NON_PORTEE	TITLE	0x80029AA0	-	-	0
0x80029200	FUN_80029200*	1456	ABSENTE	SANS_JUMELLE	-	-	-	-	-
0x800297B0	FUN_800297b0	312	ABSENTE	JUMELLE_NON_PORTEE	TITLE	0x8002A0CC	-	-	0
0x800298E8	FUN_800298e8*	256	ABSENTE	JUMELLE_NON_PORTEE	TITLE	0x8002A204	-	-	3
0x800299E8	FUN_800299e8	176	ABSENTE	JUMELLE_NON_PORTEE	TITLE	0x8002A304	-	-	2
0x80029A98	FUN_80029a98*	4320	ABSENTE	SANS_JUMELLE	-	-	-	-	-
0x8002AB78	FUN_8002ab78*	1600	ABSENTE	JUMELLE_NON_PORTEE	TITLE	0x8002B4C0	-	-	2
0x8002B1B8	FUN_8002b1b8*	4716	ABSENTE	SANS_JUMELLE	-	-	-	-	-
0x8002C424	FUN_8002c424	84	ABSENTE	JUMELLE_NON_PORTEE	TITLE	0x8002CD70	-	-	0
0x8002C478	FUN_8002c478	140	ABSENTE	JUMELLE_NON_PORTEE	TITLE	0x8002CDC4	-	-	0
0x8002C504	FUN_8002c504*	8524	ABSENTE	SANS_JUMELLE	-	-	-	-	-
0x8002E650	FUN_8002e650*	1648	ABSENTE	JUMELLE_NON_PORTEE	TITLE	0x8002EFC8	-	-	2
0x8002ECC0	FUN_8002ecc0*	6192	ABSENTE	SANS_JUMELLE	-	-	-	-	-
0x800304F0	FUN_800304f0	88	ABSENTE	JUMELLE_NON_PORTEE	TITLE	0x80030E6C	-	-	0
0x80030548	FUN_80030548	164	ABSENTE	JUMELLE_NON_PORTEE	TITLE	0x80030EC4	-	-	0
0x800305EC	FUN_800305ec*	3592	ABSENTE	JUMELLE_NON_PORTEE	TITLE	0x80030F68	-	-	6
0x800313F4	FUN_800313f4*	1464	ABSENTE	JUMELLE_NON_PORTEE	TITLE	0x80031D70	-	-	4
0x800319AC	FUN_800319ac	268	ABSENTE	JUMELLE_NON_PORTEE	TITLE	0x80032328	-	-	0
0x80031AB8	FUN_80031ab8	164	ABSENTE	JUMELLE_NON_PORTEE	TITLE	0x80032434	-	-	0
0x80031B5C	FUN_80031b5c*	620	ABSENTE	SANS_JUMELLE	-	-	-	-	-
0x80031DC8	FUN_80031dc8	108	ABSENTE	SANS_JUMELLE	-	-	-	-	-
0x80031E34	FUN_80031e34	120	ABSENTE	JUMELLE_NON_PORTEE	TITLE	0x8003279C	-	-	0
0x80031EAC	FUN_80031eac	104	ABSENTE	JUMELLE_NON_PORTEE	TITLE	0x80032814	-	-	0
0x80031F14	FUN_80031f14	92	ABSENTE	JUMELLE_NON_PORTEE	TITLE	0x8003287C	-	-	0
0x80031F70	FUN_80031f70	112	ABSENTE	JUMELLE_NON_PORTEE	TITLE	0x800328D8	-	-	0
0x80031FE0	FUN_80031fe0	340	ABSENTE	JUMELLE_NON_PORTEE	TITLE	0x80032948	-	-	2
0x80032134	FUN_80032134	412	ABSENTE	JUMELLE_NON_PORTEE	TITLE	0x80032A9C	-	-	0
0x800322D0	FUN_800322d0	356	ABSENTE	JUMELLE_NON_PORTEE	TITLE	0x80032C38	-	-	0
0x80032434	FUN_80032434*	128	ABSENTE	JUMELLE_NON_PORTEE	TITLE	0x80032D9C	-	-	0
0x800324B4	FUN_800324b4*	504	ABSENTE	JUMELLE_NON_PORTEE	TITLE	0x80032E1C	-	-	0
0x800326AC	FUN_800326ac	1400	ABSENTE	JUMELLE_NON_PORTEE	TITLE	0x80033014	-	-	0
0x80032C24	FUN_80032c24	1020	ABSENTE	JUMELLE_NON_PORTEE	TITLE	0x8003358C	-	-	0
0x80033020	FUN_80033020	496	ABSENTE	JUMELLE_NON_PORTEE	TITLE	0x80033988	-	-	0
0x80033210	FUN_80033210	852	ABSENTE	JUMELLE_NON_PORTEE	TITLE	0x80033B78	-	-	0
0x80033564	FUN_80033564	892	ABSENTE	JUMELLE_NON_PORTEE	TITLE	0x80033ECC	-	-	0
0x800338E0	FUN_800338e0	900	ABSENTE	JUMELLE_NON_PORTEE	TITLE	0x80034248	-	-	0
0x80033C64	FUN_80033c64	860	ABSENTE	JUMELLE_NON_PORTEE	TITLE	0x800345CC	-	-	0
0x80033FC0	FUN_80033fc0*	68	ABSENTE	JUMELLE_NON_PORTEE	TITLE	0x80034928	-	-	0
0x80034004	FUN_80034004*	164	ABSENTE	JUMELLE_NON_PORTEE	TITLE	0x8003496C	-	-	0
0x800340A8	FUN_800340a8	1764	ABSENTE	JUMELLE_NON_PORTEE	TITLE	0x80034A10	-	-	0
0x80034818	FUN_80034818	1408	ABSENTE	JUMELLE_NON_PORTEE	TITLE	0x80035180	-	-	0
0x80034D98	FUN_80034d98	120	SOUCHE	PORTEE_AILLEURS	TITLE	0x80035700	TITLE_EXE/SecondScreenSetup.cs	SecondScreenSetup.FUN_80035700	0
0x8003ECFC	FUN_8003ecfc	136	SOUCHE	SANS_JUMELLE	-	-	-	-	-
0x8003F128	FUN_8003f128*	256	ABSENTE	SANS_JUMELLE	-	-	-	-	-
0x8003F6C0	FUN_8003f6c0	724	SOUCHE	SANS_JUMELLE	-	-	-	-	-
0x8003F994	FUN_8003f994	756	SOUCHE	SANS_JUMELLE	-	-	-	-	-
0x8003FC88	FUN_8003fc88*	528	ABSENTE	SANS_JUMELLE	-	-	-	-	-
0x8003FE98	FUN_8003fe98	232	SOUCHE	SANS_JUMELLE	-	-	-	-	-
0x8003FF80	FUN_8003ff80*	516	ABSENTE	JUMELLE_NON_PORTEE	TITLE	0x80036154	-	-	0
0x80040184	FUN_80040184*	1048	ABSENTE	JUMELLE_NON_PORTEE	TITLE	0x80036358	-	-	0
0x8004059C	FUN_8004059c*	232	ABSENTE	JUMELLE_NON_PORTEE	TITLE	0x80036770	-	-	0
0x80040684	FUN_80040684*	2220	ABSENTE	JUMELLE_NON_PORTEE	TITLE	0x80036858	-	-	0
0x80040F30	FUN_80040f30	72	ABSENTE	PORTEE_AILLEURS	TITLE	0x80037104	TITLE_EXE/StageBackdrop.cs	StageBackdrop.FUN_80037104	2
0x80040F78	FUN_80040f78*	572	ABSENTE	JUMELLE_NON_PORTEE	TITLE	0x8003714C	-	-	1
0x800411B4	FUN_800411b4	824	SOUCHE	PORTEE_AILLEURS	TITLE	0x80037388	TITLE_EXE/TITLE_EXE_exe.cs	TITLE_EXE_exe.FUN_80037388	1
0x800414EC	FUN_800414ec	536	SOUCHE	PORTEE_AILLEURS	TITLE	0x800376C0	TITLE_EXE/StageBackdrop.cs	StageBackdrop.FUN_800376c0	0
0x80041704	FUN_80041704*	32	ABSENTE	JUMELLE_NON_PORTEE	TITLE	0x800378D8	-	-	0
0x80041724	FUN_80041724	760	ABSENTE	JUMELLE_NON_PORTEE	TITLE	0x800378F8	-	-	0
0x80041A1C	FUN_80041a1c*	140	ABSENTE	JUMELLE_NON_PORTEE	TITLE	0x80037BF0	-	-	0
0x80041AA8	FUN_80041aa8	632	ABSENTE	JUMELLE_NON_PORTEE	TITLE	0x80037C7C	-	-	0
0x80041D20	FUN_80041d20	820	ABSENTE	JUMELLE_NON_PORTEE	TITLE	0x80037EF4	-	-	0
0x80042054	FUN_80042054	1116	SOUCHE	PORTEE_AILLEURS	TITLE	0x80038228	TITLE_EXE/DisplayMachine.cs	DisplayMachine.ControlScreenFade	19
0x800424B0	FUN_800424b0	932	ABSENTE	PORTEE_AILLEURS	TITLE	0x80038684	TITLE_EXE/DisplayMachine.cs	DisplayMachine.UpdateScreenFade	17
0x80042854	FUN_80042854*	340	ABSENTE	JUMELLE_NON_PORTEE	TITLE	0x80038A28	-	-	0
0x800429A8	FUN_800429a8*	592	ABSENTE	JUMELLE_NON_PORTEE	TITLE	0x80038B7C	-	-	0
0x80042BF8	FUN_80042bf8*	316	ABSENTE	JUMELLE_NON_PORTEE	TITLE	0x80038DCC	-	-	0
0x80042D34	FUN_80042d34*	272	ABSENTE	JUMELLE_NON_PORTEE	TITLE	0x80038F08	-	-	0
0x80042E44	FUN_80042e44*	304	ABSENTE	JUMELLE_NON_PORTEE	TITLE	0x80039018	-	-	0
0x80042F74	FUN_80042f74	784	ABSENTE	JUMELLE_NON_PORTEE	TITLE	0x80039148	-	-	0
0x80043284	FUN_80043284*	44	ABSENTE	JUMELLE_NON_PORTEE	TITLE	0x80039458	-	-	0
0x800432B0	FUN_800432b0*	744	ABSENTE	JUMELLE_NON_PORTEE	TITLE	0x80039484	-	-	1
0x80043598	FUN_80043598	312	SOUCHE	JUMELLE_NON_PORTEE	TITLE	0x8003976C	-	-	0
0x800436D0	FUN_800436d0*	284	ABSENTE	JUMELLE_NON_PORTEE	TITLE	0x800398A4	-	-	0
0x800437EC	FUN_800437ec	212	ABSENTE	JUMELLE_NON_PORTEE	TITLE	0x800399C0	-	-	0
0x800438C0	FUN_800438c0	6256	SOUCHE	JUMELLE_NON_PORTEE	TITLE	0x80039A94	-	-	0
0x80045130	FUN_80045130	1764	SOUCHE	JUMELLE_NON_PORTEE	TITLE	0x8003B304	-	-	0
0x80045814	FUN_80045814	388	ABSENTE	JUMELLE_NON_PORTEE	TITLE	0x8003B9E8	-	-	0
0x80045998	FUN_80045998	160	ABSENTE	JUMELLE_NON_PORTEE	TITLE	0x8003BB6C	-	-	0
0x80045A38	FUN_80045a38	184	ABSENTE	JUMELLE_NON_PORTEE	TITLE	0x8003BC0C	-	-	0
0x80045AF0	FUN_80045af0	128	ABSENTE	JUMELLE_NON_PORTEE	TITLE	0x8003BCC4	-	-	0
0x80045B70	FUN_80045b70	388	ABSENTE	JUMELLE_NON_PORTEE	TITLE	0x8003BD44	-	-	0
0x80045CF4	FUN_80045cf4	400	ABSENTE	PORTEE_AILLEURS	TITLE	0x8003BEC8	TITLE_EXE/Camera.cs	Camera.CalculateDistance3D	0
0x80045E84	FUN_80045e84*	176	ABSENTE	JUMELLE_NON_PORTEE	TITLE	0x8003C058	-	-	0
0x80045F34	FUN_80045f34	712	SOUCHE	PORTEE_AILLEURS	TITLE	0x8003C108	TITLE_EXE/Camera.cs	Camera.CalculateLookAtAngles	0
0x800461FC	FUN_800461fc	228	ABSENTE	JUMELLE_NON_PORTEE	TITLE	0x8003C3D0	-	-	0
0x800462E0	FUN_800462e0*	820	ABSENTE	JUMELLE_NON_PORTEE	TITLE	0x8003C4B4	-	-	0
0x80046614	FUN_80046614*	3900	ABSENTE	JUMELLE_NON_PORTEE	TITLE	0x8003C7E8	-	-	0
0x80047550	FUN_80047550	312	SOUCHE	PORTEE_AILLEURS	TITLE	0x8003D724	TITLE_EXE/Camera.cs	Camera.FUN_8003d724	0
0x80047688	FUN_80047688	184	SOUCHE	JUMELLE_NON_PORTEE	TITLE	0x8003D85C	-	-	0
0x80047740	FUN_80047740	172	SOUCHE	JUMELLE_NON_PORTEE	TITLE	0x8003D914	-	-	0
0x800477EC	FUN_800477ec	568	SOUCHE	JUMELLE_NON_PORTEE	TITLE	0x8003D9C0	-	-	0
0x80047A24	FUN_80047a24	236	SOUCHE	JUMELLE_NON_PORTEE	TITLE	0x8003DBF8	-	-	0
0x80047B10	FUN_80047b10	340	SOUCHE	JUMELLE_NON_PORTEE	TITLE	0x8003DCE4	-	-	0
0x80047C64	FUN_80047c64	148	ABSENTE	JUMELLE_NON_PORTEE	TITLE	0x8003DE38	-	-	0
0x80047CF8	FUN_80047cf8	288	ABSENTE	JUMELLE_NON_PORTEE	TITLE	0x8003DECC	-	-	0
0x80047E18	FUN_80047e18	416	ABSENTE	JUMELLE_NON_PORTEE	TITLE	0x8003DFEC	-	-	0
0x80047FB8	FUN_80047fb8	212	ABSENTE	JUMELLE_NON_PORTEE	TITLE	0x8003E18C	-	-	0
0x8004808C	FUN_8004808c	212	ABSENTE	JUMELLE_NON_PORTEE	TITLE	0x8003E260	-	-	0
0x80048160	FUN_80048160	396	ABSENTE	JUMELLE_NON_PORTEE	TITLE	0x8003E334	-	-	0
0x800482EC	FUN_800482ec	1264	ABSENTE	JUMELLE_NON_PORTEE	TITLE	0x8003E4C0	-	-	0
0x800487DC	FUN_800487dc	544	ABSENTE	JUMELLE_NON_PORTEE	TITLE	0x8003E9B0	-	-	0
0x800489FC	FUN_800489fc	548	ABSENTE	JUMELLE_NON_PORTEE	TITLE	0x8003EBD0	-	-	0
0x80048C20	FUN_80048c20	616	ABSENTE	JUMELLE_NON_PORTEE	TITLE	0x8003EDF4	-	-	0
0x80048E88	FUN_80048e88	384	ABSENTE	JUMELLE_NON_PORTEE	TITLE	0x8003F05C	-	-	0
0x80049008	FUN_80049008	1324	ABSENTE	JUMELLE_NON_PORTEE	TITLE	0x8003F1DC	-	-	0
0x80049534	FUN_80049534	372	ABSENTE	JUMELLE_NON_PORTEE	TITLE	0x8003F708	-	-	0
0x800496A8	FUN_800496a8	892	ABSENTE	JUMELLE_NON_PORTEE	TITLE	0x8003F87C	-	-	0
0x80049A24	FUN_80049a24	1036	ABSENTE	JUMELLE_NON_PORTEE	TITLE	0x8003FBF8	-	-	0
0x80049E30	FUN_80049e30	292	ABSENTE	JUMELLE_NON_PORTEE	TITLE	0x80040004	-	-	0
0x80049F54	FUN_80049f54	436	SOUCHE	JUMELLE_NON_PORTEE	TITLE	0x80040128	-	-	0
0x8004A108	FUN_8004a108	1040	ABSENTE	JUMELLE_NON_PORTEE	TITLE	0x800402DC	-	-	0
0x8004A518	FUN_8004a518	288	ABSENTE	JUMELLE_NON_PORTEE	TITLE	0x800406EC	-	-	0
0x8004A638	FUN_8004a638	728	ABSENTE	JUMELLE_NON_PORTEE	TITLE	0x8004080C	-	-	0
0x8004A910	FUN_8004a910	108	ABSENTE	JUMELLE_NON_PORTEE	TITLE	0x80040AE4	-	-	0
0x8004A97C	FUN_8004a97c	108	ABSENTE	JUMELLE_NON_PORTEE	TITLE	0x80040B50	-	-	0
0x8004A9E8	FUN_8004a9e8	92	ABSENTE	JUMELLE_NON_PORTEE	TITLE	0x80040BBC	-	-	0
0x8004AA44	FUN_8004aa44	88	ABSENTE	JUMELLE_NON_PORTEE	TITLE	0x80040C18	-	-	0
0x8004AA9C	FUN_8004aa9c	624	ABSENTE	JUMELLE_NON_PORTEE	TITLE	0x80040C70	-	-	0
0x8004AD0C	FUN_8004ad0c	116	ABSENTE	JUMELLE_NON_PORTEE	TITLE	0x80040EE0	-	-	0
0x8004AD80	FUN_8004ad80	676	ABSENTE	JUMELLE_NON_PORTEE	TITLE	0x80040F54	-	-	0
0x8004B024	FUN_8004b024	116	ABSENTE	JUMELLE_NON_PORTEE	TITLE	0x800411F8	-	-	0
0x8004B098	FUN_8004b098	676	SOUCHE	JUMELLE_NON_PORTEE	TITLE	0x8004126C	-	-	0
0x8004B33C	FUN_8004b33c	148	ABSENTE	JUMELLE_NON_PORTEE	TITLE	0x80041510	-	-	0
0x8004B3D0	FUN_8004b3d0	212	ABSENTE	JUMELLE_NON_PORTEE	TITLE	0x800415A4	-	-	0
0x8004B4A4	FUN_8004b4a4	264	ABSENTE	JUMELLE_NON_PORTEE	TITLE	0x80041678	-	-	0
0x8004B5AC	FUN_8004b5ac	224	ABSENTE	JUMELLE_NON_PORTEE	TITLE	0x80041780	-	-	0
0x8004B68C	FUN_8004b68c	532	ABSENTE	JUMELLE_NON_PORTEE	TITLE	0x80041860	-	-	0
0x8004B8A0	FUN_8004b8a0	300	ABSENTE	JUMELLE_NON_PORTEE	TITLE	0x80041A74	-	-	0
0x8004B9CC	FUN_8004b9cc	420	ABSENTE	JUMELLE_NON_PORTEE	TITLE	0x80041BA0	-	-	0
0x8004BB70	FUN_8004bb70	460	ABSENTE	JUMELLE_NON_PORTEE	TITLE	0x80041D44	-	-	0
0x8004BD3C	FUN_8004bd3c	532	ABSENTE	JUMELLE_NON_PORTEE	TITLE	0x80041F10	-	-	0
0x8004BF50	FUN_8004bf50	584	ABSENTE	JUMELLE_NON_PORTEE	TITLE	0x80042124	-	-	0
0x8004C198	FUN_8004c198	272	SOUCHE	JUMELLE_NON_PORTEE	TITLE	0x8004236C	-	-	0
0x8004C2A8	FUN_8004c2a8	88	ABSENTE	JUMELLE_NON_PORTEE	TITLE	0x8004247C	-	-	0
0x8004C300	FUN_8004c300	224	ABSENTE	JUMELLE_NON_PORTEE	TITLE	0x800424D4	-	-	0
0x8004C3E0	FUN_8004c3e0	1052	ABSENTE	JUMELLE_NON_PORTEE	TITLE	0x800425B4	-	-	0
0x8004C7FC	FUN_8004c7fc	464	ABSENTE	JUMELLE_NON_PORTEE	TITLE	0x800429D0	-	-	0
0x8004C9CC	FUN_8004c9cc	136	ABSENTE	JUMELLE_NON_PORTEE	TITLE	0x80042BA0	-	-	0
0x8004CA54	FUN_8004ca54	208	ABSENTE	JUMELLE_NON_PORTEE	TITLE	0x80042C28	-	-	0
0x8004CB24	FUN_8004cb24	320	ABSENTE	JUMELLE_NON_PORTEE	TITLE	0x80042CF8	-	-	0
0x8004CC64	FUN_8004cc64	288	ABSENTE	JUMELLE_NON_PORTEE	TITLE	0x80042E38	-	-	0
0x8004CD84	FUN_8004cd84	284	ABSENTE	JUMELLE_NON_PORTEE	TITLE	0x80042F58	-	-	0
0x8004CEA0	FUN_8004cea0	604	SOUCHE	JUMELLE_NON_PORTEE	TITLE	0x80043074	-	-	0
0x8004D0FC	FUN_8004d0fc	560	ABSENTE	JUMELLE_NON_PORTEE	TITLE	0x800432D0	-	-	0
0x8004D32C	FUN_8004d32c	584	ABSENTE	JUMELLE_NON_PORTEE	TITLE	0x80043500	-	-	0
0x8004D574	FUN_8004d574	288	ABSENTE	JUMELLE_NON_PORTEE	TITLE	0x80043748	-	-	0
0x8004D694	FUN_8004d694	864	ABSENTE	JUMELLE_NON_PORTEE	TITLE	0x80043868	-	-	0
0x8004D9F4	FUN_8004d9f4	1180	ABSENTE	JUMELLE_NON_PORTEE	TITLE	0x80043BC8	-	-	0
0x8004DE90	FUN_8004de90	308	ABSENTE	JUMELLE_NON_PORTEE	TITLE	0x80044064	-	-	0
0x8004DFC4	FUN_8004dfc4	324	ABSENTE	JUMELLE_NON_PORTEE	TITLE	0x80044198	-	-	0
0x8004E108	FUN_8004e108	1144	ABSENTE	JUMELLE_NON_PORTEE	TITLE	0x800442DC	-	-	0
0x8004E580	FUN_8004e580	80	ABSENTE	JUMELLE_NON_PORTEE	TITLE	0x80044754	-	-	0
0x8004E5D0	FUN_8004e5d0	392	ABSENTE	JUMELLE_NON_PORTEE	TITLE	0x800447A4	-	-	0
0x8004E758	FUN_8004e758	1776	SOUCHE	JUMELLE_NON_PORTEE	TITLE	0x8004492C	-	-	0
0x8004EE48	FUN_8004ee48	1308	ABSENTE	JUMELLE_NON_PORTEE	TITLE	0x8004501C	-	-	0
0x8004F364	FUN_8004f364*	528	ABSENTE	JUMELLE_NON_PORTEE	TITLE	0x80045538	-	-	0
0x8004F574	FUN_8004f574*	1304	ABSENTE	JUMELLE_NON_PORTEE	TITLE	0x80045748	-	-	0
0x8004FA8C	FUN_8004fa8c	368	SOUCHE	JUMELLE_NON_PORTEE	TITLE	0x80045C60	-	-	0
0x8004FBFC	FUN_8004fbfc	296	SOUCHE	JUMELLE_NON_PORTEE	TITLE	0x80045DD0	-	-	0
0x8004FD24	FUN_8004fd24	712	SOUCHE	JUMELLE_NON_PORTEE	TITLE	0x80045EF8	-	-	0
0x8004FFEC	FUN_8004ffec	460	ABSENTE	JUMELLE_NON_PORTEE	TITLE	0x800461C0	-	-	0
0x800501B8	FUN_800501b8	860	SOUCHE	JUMELLE_NON_PORTEE	TITLE	0x8004638C	-	-	0
0x80050514	FUN_80050514	324	SOUCHE	JUMELLE_NON_PORTEE	TITLE	0x800466E8	-	-	0
0x80050658	FUN_80050658	180	SOUCHE	JUMELLE_NON_PORTEE	TITLE	0x8004682C	-	-	0
0x8005070C	FUN_8005070c	196	SOUCHE	JUMELLE_NON_PORTEE	TITLE	0x800468E0	-	-	0
0x800507D0	FUN_800507d0	84	SOUCHE	JUMELLE_NON_PORTEE	TITLE	0x800469A4	-	-	0
0x80050824	FUN_80050824	496	SOUCHE	JUMELLE_NON_PORTEE	TITLE	0x800469F8	-	-	0
0x80050A14	FUN_80050a14	208	SOUCHE	JUMELLE_NON_PORTEE	TITLE	0x80046BE8	-	-	0
0x80051758	FUN_80051758	136	ABSENTE	JUMELLE_NON_PORTEE	TITLE	0x8004792C	-	-	0
0x800517E0	FUN_800517e0*	160	ABSENTE	JUMELLE_NON_PORTEE	TITLE	0x800479B4	-	-	0
0x80051880	FUN_80051880*	160	ABSENTE	JUMELLE_NON_PORTEE	TITLE	0x80047A54	-	-	0
0x80051920	FUN_80051920*	5268	ABSENTE	JUMELLE_NON_PORTEE	TITLE	0x80047AF4	-	-	0
0x80052DB4	FUN_80052db4	1404	ABSENTE	PORTEE_AILLEURS	TITLE	0x80048F88	TITLE_EXE/SpriteRenderer.cs	SpriteRenderer.DrawSpriteGroup	0
0x80053840	FUN_80053840	304	ABSENTE	PORTEE_AILLEURS	TITLE	0x80049A14	TITLE_EXE/TaskSystem.cs	TaskSystem.DeleteTaskList	0
0x80053970	FUN_80053970	96	SOUCHE	JUMELLE_NON_PORTEE	TITLE	0x80049B44	-	-	0
0x800539D0	FUN_800539d0	272	ABSENTE	JUMELLE_NON_PORTEE	TITLE	0x80049BA4	-	-	0
0x80053AE0	FUN_80053ae0*	8	ABSENTE	JUMELLE_NON_PORTEE	TITLE	0x80049CB4	-	-	0
0x80053AE8	FUN_80053ae8*	52	ABSENTE	JUMELLE_NON_PORTEE	TITLE	0x80049CBC	-	-	0
0x80053B1C	FUN_80053b1c*	1000	ABSENTE	JUMELLE_NON_PORTEE	TITLE	0x80049CF0	-	-	0
0x80053F04	FUN_80053f04*	328	ABSENTE	JUMELLE_NON_PORTEE	TITLE	0x8004A0D8	-	-	0
0x8005404C	FUN_8005404c*	1192	ABSENTE	JUMELLE_NON_PORTEE	TITLE	0x8004A220	-	-	0
0x800544F4	FUN_800544f4*	1180	ABSENTE	JUMELLE_NON_PORTEE	TITLE	0x8004A6C8	-	-	0
0x80054990	FUN_80054990*	348	ABSENTE	JUMELLE_NON_PORTEE	TITLE	0x8004AB64	-	-	0
0x80054AEC	FUN_80054aec*	292	ABSENTE	JUMELLE_NON_PORTEE	TITLE	0x8004ACC0	-	-	0
0x80054C10	FUN_80054c10*	404	ABSENTE	JUMELLE_NON_PORTEE	TITLE	0x8004ADE4	-	-	0
0x80054DA4	FUN_80054da4*	128	ABSENTE	JUMELLE_NON_PORTEE	TITLE	0x8004AF78	-	-	0
0x80054E24	FUN_80054e24*	628	ABSENTE	JUMELLE_NON_PORTEE	TITLE	0x8004AFF8	-	-	0
0x80055098	FUN_80055098*	108	ABSENTE	JUMELLE_NON_PORTEE	TITLE	0x8004B26C	-	-	0
0x80055104	FUN_80055104*	88	ABSENTE	JUMELLE_NON_PORTEE	TITLE	0x8004B2D8	-	-	0
0x8005515C	FUN_8005515c*	652	ABSENTE	JUMELLE_NON_PORTEE	TITLE	0x8004B330	-	-	0
0x800553E8	FUN_800553e8*	256	ABSENTE	JUMELLE_NON_PORTEE	TITLE	0x8004B5BC	-	-	0
0x800554E8	FUN_800554e8*	612	ABSENTE	JUMELLE_NON_PORTEE	TITLE	0x8004B6BC	-	-	0
0x8005574C	FUN_8005574c*	428	ABSENTE	JUMELLE_NON_PORTEE	TITLE	0x8004B920	-	-	0
0x800558F8	FUN_800558f8*	716	ABSENTE	JUMELLE_NON_PORTEE	TITLE	0x8004BACC	-	-	0
0x80055BC4	FUN_80055bc4*	80	ABSENTE	JUMELLE_NON_PORTEE	TITLE	0x8004BD98	-	-	0
0x80055C14	FUN_80055c14*	88	ABSENTE	JUMELLE_NON_PORTEE	TITLE	0x8004BDE8	-	-	0
0x80055C6C	FUN_80055c6c	340	ABSENTE	JUMELLE_NON_PORTEE	TITLE	0x8004BE40	-	-	0
0x80055DC0	FUN_80055dc0	60	ABSENTE	JUMELLE_NON_PORTEE	TITLE	0x8004BF94	-	-	0
0x80055DFC	FUN_80055dfc	64	ABSENTE	JUMELLE_NON_PORTEE	TITLE	0x8004BFD0	-	-	0
0x80057A7C	FUN_80057a7c	1700	ABSENTE	JUMELLE_NON_PORTEE	TITLE	0x8004DBE8	-	-	1
0x80058120	FUN_80058120	536	ABSENTE	JUMELLE_NON_PORTEE	TITLE	0x8004E28C	-	-	0
0x80058338	FUN_80058338	2440	ABSENTE	JUMELLE_NON_PORTEE	TITLE	0x8004E4A4	-	-	0
0x80058CC0	FUN_80058cc0*	1644	ABSENTE	JUMELLE_NON_PORTEE	TITLE	0x8004EE2C	-	-	0
0x8005932C	FUN_8005932c*	392	ABSENTE	JUMELLE_NON_PORTEE	TITLE	0x8004F498	-	-	1
0x800594B4	FUN_800594b4	2528	SOUCHE	SANS_JUMELLE	-	-	-	-	-
0x80059E94	FUN_80059e94	624	SOUCHE	JUMELLE_NON_PORTEE	TITLE	0x80050014	-	-	1
0x8005A104	FUN_8005a104	1196	SOUCHE	SANS_JUMELLE	-	-	-	-	-
0x8005A5B0	FUN_8005a5b0	8500	SOUCHE	SANS_JUMELLE	-	-	-	-	-
0x8005C6E4	FUN_8005c6e4	1276	SOUCHE	JUMELLE_NON_PORTEE	TITLE	0x8005286C	-	-	5
0x8005CFA0	FUN_8005cfa0*	596	ABSENTE	JUMELLE_NON_PORTEE	TITLE	0x80053048	-	-	27
0x8005D1FC	FUN_8005d1fc	96	ABSENTE	JUMELLE_NON_PORTEE	TITLE	0x800532A4	-	-	0
0x8005D25C	FUN_8005d25c	2076	ABSENTE	JUMELLE_NON_PORTEE	TITLE	0x80053304	-	-	7
0x8005DA78	FUN_8005da78	1908	ABSENTE	JUMELLE_NON_PORTEE	TITLE	0x80053B20	-	-	25
0x8005E1EC	FUN_8005e1ec	1696	ABSENTE	JUMELLE_NON_PORTEE	TITLE	0x80054294	-	-	10
0x8005E88C	FUN_8005e88c*	200	ABSENTE	JUMELLE_NON_PORTEE	TITLE	0x80054934	-	-	8
0x8005E954	FUN_8005e954*	404	ABSENTE	JUMELLE_NON_PORTEE	TITLE	0x800549FC	-	-	21
0x8005EAE8	FUN_8005eae8*	44	ABSENTE	JUMELLE_NON_PORTEE	TITLE	0x80054B90	-	-	1
0x8005EB14	FUN_8005eb14*	312	ABSENTE	JUMELLE_NON_PORTEE	TITLE	0x80054BBC	-	-	14
0x8005EC4C	FUN_8005ec4c	64	SOUCHE	JUMELLE_NON_PORTEE	TITLE	0x80054CF4	-	-	6
0x8005EC8C	FUN_8005ec8c	104	SOUCHE	JUMELLE_NON_PORTEE	TITLE	0x80054D34	-	-	4
0x8005ECF4	FUN_8005ecf4	52	SOUCHE	JUMELLE_NON_PORTEE	TITLE	0x80054D9C	-	-	1
0x8005ED28	FUN_8005ed28	72	SOUCHE	JUMELLE_NON_PORTEE	TITLE	0x80054DD0	-	-	2
0x8005ED70	FUN_8005ed70	236	SOUCHE	JUMELLE_NON_PORTEE	TITLE	0x80054E18	-	-	6
0x8005EE5C	FUN_8005ee5c	196	SOUCHE	JUMELLE_NON_PORTEE	TITLE	0x80054F04	-	-	5
0x8005EF20	FUN_8005ef20	328	SOUCHE	JUMELLE_NON_PORTEE	TITLE	0x80054FC8	-	-	6
0x8005F068	FUN_8005f068	1048	ABSENTE	JUMELLE_NON_PORTEE	TITLE	0x80055110	-	-	21
0x8005F480	FUN_8005f480	176	ABSENTE	JUMELLE_NON_PORTEE	TITLE	0x80055528	-	-	1
0x8005F530	FUN_8005f530	148	SOUCHE	JUMELLE_NON_PORTEE	TITLE	0x800555D8	-	-	5
0x8005F5C4	FUN_8005f5c4	156	ABSENTE	JUMELLE_NON_PORTEE	TITLE	0x8005566C	-	-	5
0x8005F660	FUN_8005f660	164	ABSENTE	JUMELLE_NON_PORTEE	TITLE	0x80055708	-	-	3
0x8005F704	FUN_8005f704	1176	SOUCHE	JUMELLE_NON_PORTEE	TITLE	0x800557AC	-	-	25
0x8005FB9C	FUN_8005fb9c	336	SOUCHE	JUMELLE_NON_PORTEE	TITLE	0x80055C44	-	-	2
0x8005FCEC	FUN_8005fcec	176	SOUCHE	JUMELLE_NON_PORTEE	TITLE	0x80055D94	-	-	1
0x8005FD9C	FUN_8005fd9c	448	SOUCHE	JUMELLE_NON_PORTEE	TITLE	0x80055E44	-	-	3
0x8005FF5C	FUN_8005ff5c	340	SOUCHE	JUMELLE_NON_PORTEE	TITLE	0x80056004	-	-	9
0x800600B0	FUN_800600b0	112	SOUCHE	JUMELLE_NON_PORTEE	TITLE	0x80056158	-	-	5
0x80060144	FUN_80060144	408	SOUCHE	JUMELLE_NON_PORTEE	TITLE	0x800561EC	-	-	6
0x800602DC	FUN_800602dc	136	SOUCHE	JUMELLE_NON_PORTEE	TITLE	0x80056384	-	-	6
0x80060364	FUN_80060364	276	ABSENTE	JUMELLE_NON_PORTEE	TITLE	0x8005640C	-	-	16
0x80060478	FUN_80060478	260	ABSENTE	JUMELLE_NON_PORTEE	TITLE	0x80056520	-	-	11
0x8006057C	FUN_8006057c*	92	ABSENTE	JUMELLE_NON_PORTEE	TITLE	0x80056624	-	-	3
0x800605D8	FUN_800605d8	324	ABSENTE	JUMELLE_NON_PORTEE	TITLE	0x80056680	-	-	9
0x8006071C	FUN_8006071c	720	ABSENTE	JUMELLE_NON_PORTEE	TITLE	0x800567C4	-	-	10
0x800609EC	FUN_800609ec	96	ABSENTE	JUMELLE_NON_PORTEE	TITLE	0x80056A94	-	-	6
0x80060A4C	FUN_80060a4c	60	SOUCHE	JUMELLE_NON_PORTEE	TITLE	0x80056AF4	-	-	0
0x80060A88	FUN_80060a88	464	ABSENTE	JUMELLE_NON_PORTEE	TITLE	0x80056B30	TITLE_EXE/FrameLoop.cs	FrameLoop.FUN_80056b30	11
0x80060C58	FUN_80060c58	132	ABSENTE	JUMELLE_NON_PORTEE	TITLE	0x80056D00	TITLE_EXE/FrameLoop.cs	FrameLoop.FUN_80056d00	4
0x800612DC	FUN_800612dc*	112	ABSENTE	JUMELLE_NON_PORTEE	TITLE	0x80057384	-	-	0
0x8006134C	FUN_8006134c*	276	ABSENTE	JUMELLE_NON_PORTEE	TITLE	0x800573F4	-	-	0
0x800614AC	FUN_800614ac*	288	ABSENTE	JUMELLE_NON_PORTEE	TITLE	0x80057554	-	-	0
0x800617E0	SpuInit	32	ABSENTE	JUMELLE_NON_PORTEE	TITLE	0x80057888	-	-	0
0x80061BD8	FUN_80061bd8	372	ABSENTE	PORTEE_AILLEURS	TITLE	0x80057C80	TITLE_EXE/TitleImages.cs	TitleImages.LoadImageListInVram	0
0x80061E90	FUN_80061e90*	72	ABSENTE	JUMELLE_NON_PORTEE	TITLE	0x80057F38	-	-	0
0x80061F1C	FUN_80061f1c	404	SOUCHE	JUMELLE_NON_PORTEE	TITLE	0x80057FC4	-	-	0
0x80062684	FUN_80062684	920	SOUCHE	SANS_JUMELLE	-	-	-	-	-
0x80062A1C	FUN_80062a1c	320	SOUCHE	SANS_JUMELLE	-	-	-	-	-
0x80062B5C	FUN_80062b5c	348	SOUCHE	SANS_JUMELLE	-	-	-	-	-
0x80062CB8	FUN_80062cb8	244	ABSENTE	JUMELLE_NON_PORTEE	TITLE	0x80058EC4	-	-	0
0x80062DAC	FUN_80062dac*	424	ABSENTE	JUMELLE_NON_PORTEE	TITLE	0x80058FB8	-	-	0
0x800631DC	FUN_800631dc*	144	ABSENTE	JUMELLE_NON_PORTEE	TITLE	0x800593E8	-	-	0
0x8006326C	FUN_8006326c*	88	ABSENTE	JUMELLE_NON_PORTEE	TITLE	0x80059478	-	-	0
0x800632C4	_card_load	16	ABSENTE	JUMELLE_NON_PORTEE	TITLE	0x800594D0	-	-	0
0x800632D4	_card_info	16	ABSENTE	JUMELLE_NON_PORTEE	TITLE	0x800594E0	-	-	0
0x800632E4	_card_auto	16	ABSENTE	JUMELLE_NON_PORTEE	TITLE	0x800594F0	-	-	0
0x800632F4	_card_clear	48	ABSENTE	SANS_JUMELLE	-	-	-	-	-
0x80063324	_card_write	16	ABSENTE	JUMELLE_NON_PORTEE	TITLE	0x80059530	-	-	0
0x80063334	InitCARD	16	ABSENTE	JUMELLE_NON_PORTEE	TITLE	0x80059540	-	-	0
0x80063344	StopCARD	16	ABSENTE	JUMELLE_NON_PORTEE	TITLE	0x80059550	-	-	0
0x80063354	StartCARD	16	ABSENTE	JUMELLE_NON_PORTEE	TITLE	0x80059560	-	-	0
0x80063364	_new_card	16	ABSENTE	JUMELLE_NON_PORTEE	TITLE	0x80059570	-	-	0
0x80063374	SpuSetVoiceAttr	40	ABSENTE	JUMELLE_NON_PORTEE	TITLE	0x80059580	-	-	0
0x8006339C	_SpuSetVoiceAttr	1640	ABSENTE	JUMELLE_NON_PORTEE	TITLE	0x800595A8	-	-	0
0x80063A04	_SpuStCBPrepare	336	ABSENTE	JUMELLE_NON_PORTEE	TITLE	0x80059C10	-	-	0
0x80063B54	_SpuStStartPrepare	432	ABSENTE	JUMELLE_NON_PORTEE	TITLE	0x80059D60	-	-	0
0x80063D04	_SpuStSetTransferEnv	564	ABSENTE	JUMELLE_NON_PORTEE	TITLE	0x80059F10	-	-	0
0x80063F38	_SpuStCB_IRQ	1076	ABSENTE	JUMELLE_NON_PORTEE	TITLE	0x8005A144	-	-	0
0x8006436C	_SpuStCB_Transfer	688	ABSENTE	JUMELLE_NON_PORTEE	TITLE	0x8005A578	-	-	0
0x8006461C	_SpuStStart	380	ABSENTE	JUMELLE_NON_PORTEE	TITLE	0x8005A828	-	-	0
0x80064798	SpuStTransfer	136	ABSENTE	JUMELLE_NON_PORTEE	TITLE	0x8005A9A4	-	-	0
0x80064820	SpuStInit	268	ABSENTE	JUMELLE_NON_PORTEE	TITLE	0x8005AA2C	-	-	0
0x8006492C	SpuStQuit	416	ABSENTE	JUMELLE_NON_PORTEE	TITLE	0x8005AB38	-	-	0
0x80064ACC	SpuStSetPreparationFinishedCallback	36	ABSENTE	JUMELLE_NON_PORTEE	TITLE	0x8005ACD8	-	-	0
0x80064AF0	SpuStSetTransferFinishedCallback	36	ABSENTE	JUMELLE_NON_PORTEE	TITLE	0x8005ACFC	-	-	0
0x80064B14	SpuStSetStreamFinishedCallback	36	ABSENTE	JUMELLE_NON_PORTEE	TITLE	0x8005AD20	-	-	0
0x80064B38	_SpuStCB_IRQfinal	164	ABSENTE	JUMELLE_NON_PORTEE	TITLE	0x8005AD44	-	-	0
0x80064BDC	_spu_note2pitch	588	ABSENTE	JUMELLE_NON_PORTEE	TITLE	0x8005ADE8	-	-	0
0x80064E28	SpuSetIRQCallback	68	ABSENTE	JUMELLE_NON_PORTEE	TITLE	0x8005B034	-	-	0
0x80064E6C	_spu_reset	144	ABSENTE	JUMELLE_NON_PORTEE	TITLE	0x8005B078	-	-	0
0x80064EFC	_spu_init	1464	ABSENTE	SANS_JUMELLE	-	-	-	-	-
0x800654B4	_spu_setVoiceAttr	392	ABSENTE	SANS_JUMELLE	-	-	-	-	-
0x8006563C	_spu_writeByIO	836	ABSENTE	JUMELLE_NON_PORTEE	TITLE	0x8005B650	-	-	0
0x80065980	_spu_FiDMA	428	ABSENTE	JUMELLE_NON_PORTEE	TITLE	0x8005B994	-	-	0
0x80065B2C	_spu_r_	496	ABSENTE	JUMELLE_NON_PORTEE	TITLE	0x8005BB40	-	-	0
0x80065D1C	_spu_t	680	ABSENTE	JUMELLE_NON_PORTEE	TITLE	0x8005BD30	-	-	0
0x80065FC4	_spu_write	136	ABSENTE	JUMELLE_NON_PORTEE	TITLE	0x8005BFD8	-	-	0
0x8006604C	_spu_read	104	ABSENTE	JUMELLE_NON_PORTEE	TITLE	0x8005C060	-	-	0
0x800660B4	_spu_FsetRXX	72	ABSENTE	JUMELLE_NON_PORTEE	TITLE	0x8005C0C8	-	-	0
0x800660FC	_spu_FsetRXXa	224	ABSENTE	JUMELLE_NON_PORTEE	TITLE	0x8005C110	-	-	0
0x800661DC	_SpuCallback	36	ABSENTE	JUMELLE_NON_PORTEE	TITLE	0x8005C1F0	-	-	0
0x80066200	_SpuInit	200	ABSENTE	SANS_JUMELLE	-	-	-	-	-
0x800662C8	SpuStart	132	ABSENTE	JUMELLE_NON_PORTEE	TITLE	0x8005C2B8	-	-	0
0x8006634C	_SpuDataCallback	36	ABSENTE	JUMELLE_NON_PORTEE	TITLE	0x8005C33C	-	-	0
0x80066370	_SpuMallocSeparateTo3	860	ABSENTE	JUMELLE_NON_PORTEE	TITLE	0x8005C360	-	-	0
0x800666CC	SpuMallocWithStartAddr	696	ABSENTE	JUMELLE_NON_PORTEE	TITLE	0x8005C6BC	-	-	0
0x80066984	FUN_80066984	36	ABSENTE	JUMELLE_NON_PORTEE	TITLE	0x8005C974	-	-	0
0x800669A8	SpuSetIRQAddr	64	ABSENTE	JUMELLE_NON_PORTEE	TITLE	0x8005C998	-	-	0
0x800669E8	SpuIsTransferCompleted	168	ABSENTE	JUMELLE_NON_PORTEE	TITLE	0x8005C9D8	-	-	0
0x80066A90	SpuSetTransferMode	52	ABSENTE	JUMELLE_NON_PORTEE	TITLE	0x8005CA80	-	-	0
0x80066AC4	SpuSetTransferStartAddr	60	ABSENTE	JUMELLE_NON_PORTEE	TITLE	0x8005CAB4	-	-	0
0x80066B00	SpuSetIRQ	304	ABSENTE	JUMELLE_NON_PORTEE	TITLE	0x8005CAF0	-	-	0
0x80066C30	SpuWrite0	320	ABSENTE	JUMELLE_NON_PORTEE	TITLE	0x8005CC20	-	-	0
0x80066D70	SpuSetKey	120	ABSENTE	JUMELLE_NON_PORTEE	TITLE	0x8005CD60	-	-	0
0x80066DE8	_spu_gcSPU	768	ABSENTE	JUMELLE_NON_PORTEE	TITLE	0x8005CDD8	-	-	0
0x800670E8	SsVabTransBodyPartly	368	ABSENTE	JUMELLE_NON_PORTEE	TITLE	0x8005D0D8	-	-	0
0x80067258	FUN_80067258	44	ABSENTE	JUMELLE_NON_PORTEE	TITLE	0x8005D248	-	-	0
0x80067284	FUN_80067284	16	ABSENTE	JUMELLE_NON_PORTEE	TITLE	0x8005D274	-	-	0
0x80067294	SpuWritePartly	140	ABSENTE	JUMELLE_NON_PORTEE	TITLE	0x8005D284	-	-	0
0x80067320	FUN_80067320	636	ABSENTE	SANS_JUMELLE	-	-	-	-	-
0x8006759C	FUN_8006759c	1248	ABSENTE	SANS_JUMELLE	-	-	-	-	-
0x80067A7C	FUN_80067a7c	564	ABSENTE	SANS_JUMELLE	-	-	-	-	-
0x80067CB0	FUN_80067cb0	1220	ABSENTE	SANS_JUMELLE	-	-	-	-	-
0x80068174	FUN_80068174*	424	ABSENTE	SANS_JUMELLE	-	-	-	-	-
0x8006831C	FUN_8006831c	188	ABSENTE	JUMELLE_NON_PORTEE	TITLE	0x8005E374	-	-	0
0x800683D8	FUN_800683d8	256	ABSENTE	JUMELLE_NON_PORTEE	TITLE	0x8005E430	-	-	0
0x800684D8	FUN_800684d8*	456	ABSENTE	SANS_JUMELLE	-	-	-	-	-
0x800686A0	FUN_800686a0*	440	ABSENTE	SANS_JUMELLE	-	-	-	-	-
0x80068858	FUN_80068858	908	ABSENTE	SANS_JUMELLE	-	-	-	-	-
0x80068BE4	FUN_80068be4*	440	ABSENTE	SANS_JUMELLE	-	-	-	-	-
0x80068D9C	FUN_80068d9c	896	ABSENTE	SANS_JUMELLE	-	-	-	-	-
0x8006911C	FUN_8006911c	1024	ABSENTE	SANS_JUMELLE	-	-	-	-	-
0x8006951C	FUN_8006951c*	332	ABSENTE	SANS_JUMELLE	-	-	-	-	-
0x80069668	FUN_80069668*	128	ABSENTE	JUMELLE_NON_PORTEE	TITLE	0x8005F760	-	-	0
0x800696E8	FUN_800696e8	536	ABSENTE	SANS_JUMELLE	-	-	-	-	-
0x80069900	FUN_80069900	240	ABSENTE	JUMELLE_NON_PORTEE	TITLE	0x8005FA08	-	-	0
0x800699F0	FUN_800699f0	964	ABSENTE	SANS_JUMELLE	TITLE	0x8005FAF8	-	-	3
0x80069DB4	FUN_80069db4	1216	ABSENTE	SANS_JUMELLE	-	-	-	-	-
0x8006A274	FUN_8006a274	504	ABSENTE	SANS_JUMELLE	-	-	-	-	-
0x8006A46C	FUN_8006a46c*	236	ABSENTE	JUMELLE_NON_PORTEE	TITLE	0x800606D4	-	-	0
0x8006A558	FUN_8006a558*	60	ABSENTE	JUMELLE_NON_PORTEE	TITLE	0x800607C0	-	-	0
0x8006A594	FUN_8006a594	376	ABSENTE	SANS_JUMELLE	-	-	-	-	-
0x8006A70C	FUN_8006a70c	280	ABSENTE	JUMELLE_NON_PORTEE	TITLE	0x8006097C	-	-	0
0x8006A824	FUN_8006a824	320	ABSENTE	SANS_JUMELLE	-	-	-	-	-
0x8006A964	FUN_8006a964*	116	ABSENTE	JUMELLE_NON_PORTEE	TITLE	0x80060BE8	-	-	0
0x8006A9D8	FUN_8006a9d8	84	ABSENTE	JUMELLE_NON_PORTEE	TITLE	0x80060C5C	-	-	0
0x8006AA2C	FUN_8006aa2c*	116	ABSENTE	JUMELLE_NON_PORTEE	TITLE	0x80060CB0	-	-	0
0x8006AAA0	FUN_8006aaa0*	84	ABSENTE	JUMELLE_NON_PORTEE	TITLE	0x80060D24	-	-	0
0x8006AAF4	FUN_8006aaf4	964	ABSENTE	SANS_JUMELLE	-	-	-	-	-
0x8006AEB8	FUN_8006aeb8*	1512	ABSENTE	SANS_JUMELLE	-	-	-	-	-
0x8006B4A0	FUN_8006b4a0	1004	ABSENTE	SANS_JUMELLE	-	-	-	-	-
0x8006B88C	FUN_8006b88c	280	ABSENTE	SANS_JUMELLE	-	-	-	-	-
0x8006B9A4	FUN_8006b9a4*	144	ABSENTE	JUMELLE_NON_PORTEE	TITLE	0x80061DAC	-	-	0
0x8006BA34	FUN_8006ba34*	344	ABSENTE	SANS_JUMELLE	-	-	-	-	-
0x8006BB8C	FUN_8006bb8c*	324	ABSENTE	SANS_JUMELLE	-	-	-	-	-
0x8006BCD0	FUN_8006bcd0	264	ABSENTE	JUMELLE_NON_PORTEE	TITLE	0x800620E8	-	-	0
0x8006BDD8	FUN_8006bdd8	156	ABSENTE	JUMELLE_NON_PORTEE	TITLE	0x800621F0	-	-	0
0x8006BE74	FUN_8006be74*	84	ABSENTE	JUMELLE_NON_PORTEE	TITLE	0x8006228C	-	-	0
0x8006BEC8	FUN_8006bec8*	84	ABSENTE	JUMELLE_NON_PORTEE	TITLE	0x800622E0	-	-	0
0x8006BF1C	FUN_8006bf1c	504	ABSENTE	SANS_JUMELLE	-	-	-	-	-
0x8006C114	SpuSetNoiseVoice	36	ABSENTE	JUMELLE_NON_PORTEE	TITLE	0x80062540	-	-	0
0x8006C138	SpuInitMalloc	84	ABSENTE	JUMELLE_NON_PORTEE	TITLE	0x80062564	-	-	0
0x8006C18C	_SpuSetAnyVoice	180	ABSENTE	JUMELLE_NON_PORTEE	TITLE	0x800625B8	-	-	0
0x8006C240	SsUtReverbOn	32	ABSENTE	PORTEE_AILLEURS	SLPS	0x8002C80C	SLPS_003_55/SLPS_003_55_exe.cs	SLPS_003_55_exe.FUN_8002c80c	0
0x8006C260	SsUtReverbOff	32	ABSENTE	JUMELLE_NON_PORTEE	TITLE	0x8006268C	-	-	0
0x8006C280	SsUtSetReverbType	180	ABSENTE	JUMELLE_NON_PORTEE	TITLE	0x800626AC	-	-	0
0x8006C334	SsUtSetReverbDepth	152	ABSENTE	JUMELLE_NON_PORTEE	TITLE	0x80062760	-	-	0
0x8006C3CC	SsUtSetReverbFeedback	64	ABSENTE	JUMELLE_NON_PORTEE	TITLE	0x800627F8	-	-	0
0x8006C40C	SsUtSetReverbDelay	64	ABSENTE	JUMELLE_NON_PORTEE	TITLE	0x80062838	-	-	0
0x8006C44C	SpuSetReverbModeParam	1296	ABSENTE	JUMELLE_NON_PORTEE	TITLE	0x80062878	-	-	0
0x8006C95C	_spu_setReverbAttr	1344	ABSENTE	JUMELLE_NON_PORTEE	TITLE	0x80062D88	-	-	0
0x8006CE9C	_SpuIsInAllocateArea_	120	ABSENTE	JUMELLE_NON_PORTEE	TITLE	0x800632C8	-	-	0
0x8006CF14	SpuClearReverbWorkArea	416	ABSENTE	JUMELLE_NON_PORTEE	TITLE	0x80063340	-	-	0
0x8006D0B4	SpuSetReverb	208	ABSENTE	JUMELLE_NON_PORTEE	TITLE	0x800634E0	-	-	0
0x8006D184	SsUtGetVBaddrInSB	88	ABSENTE	JUMELLE_NON_PORTEE	TITLE	0x800635B0	-	-	0
0x8006D1DC	SpuVmVSetUp	212	ABSENTE	JUMELLE_NON_PORTEE	TITLE	0x80063608	-	-	0
0x8006D2B0	Snd_SetVol	56	ABSENTE	JUMELLE_NON_PORTEE	TITLE	0x800636DC	-	-	0
0x8006D2E8	SsSeqSetVol	48	ABSENTE	JUMELLE_NON_PORTEE	TITLE	0x80063714	-	-	0
0x8006D318	SsSepSetVol	56	ABSENTE	JUMELLE_NON_PORTEE	TITLE	0x80063744	-	-	0
0x8006D350	_SsInit	340	ABSENTE	SANS_JUMELLE	-	-	-	-	-
0x8006D4A4	SsInit	32	ABSENTE	JUMELLE_NON_PORTEE	TITLE	0x800638FC	-	-	0
0x8006D4C4	SsInitHot	32	ABSENTE	PORTEE_AILLEURS	SLPS	0x8002C80C	SLPS_003_55/SLPS_003_55_exe.cs	SLPS_003_55_exe.FUN_8002c80c	0
0x8006D4E4	SsSetTableSize	480	ABSENTE	JUMELLE_NON_PORTEE	TITLE	0x8006393C	-	-	0
0x8006D6C4	SsSetTickMode	384	ABSENTE	JUMELLE_NON_PORTEE	TITLE	0x80063B1C	-	-	0
0x8006D844	_SsStart	656	ABSENTE	JUMELLE_NON_PORTEE	TITLE	0x80063C9C	-	-	0
0x8006DAD4	SsStart	32	ABSENTE	PORTEE_AILLEURS	SLPS	0x8002C80C	SLPS_003_55/SLPS_003_55_exe.cs	SLPS_003_55_exe.FUN_8002c80c	0
0x8006DAF4	SsStart2	32	ABSENTE	JUMELLE_NON_PORTEE	TITLE	0x80063F4C	-	-	0
0x8006DB14	SsEnd	164	ABSENTE	JUMELLE_NON_PORTEE	TITLE	0x80063F6C	-	-	0
0x8006DBB8	SsQuit	32	ABSENTE	JUMELLE_NON_PORTEE	TITLE	0x80064010	-	-	0
0x8006DBD8	_SsTrapIntrVSync	52	ABSENTE	JUMELLE_NON_PORTEE	TITLE	0x80064030	-	-	0
0x8006DC0C	_SsSeqCalledTbyT_1per2	72	ABSENTE	JUMELLE_NON_PORTEE	TITLE	0x80064064	-	-	0
0x8006DC54	FUN_8006dc54	32	ABSENTE	PORTEE_AILLEURS	SLPS	0x8002C80C	SLPS_003_55/SLPS_003_55_exe.cs	SLPS_003_55_exe.FUN_8002c80c	0
0x8006DC74	FUN_8006dc74	32	ABSENTE	JUMELLE_NON_PORTEE	TITLE	0x800640CC	-	-	0
0x8006DC94	FUN_8006dc94	124	ABSENTE	JUMELLE_NON_PORTEE	TITLE	0x800640EC	-	-	0
0x8006DD10	Snd_SetReplayMode	164	ABSENTE	JUMELLE_NON_PORTEE	TITLE	0x80064168	-	-	0
0x8006DDB4	SsSeqReplay	40	ABSENTE	JUMELLE_NON_PORTEE	TITLE	0x8006420C	-	-	0
0x8006DDDC	Snd_play	44	ABSENTE	JUMELLE_NON_PORTEE	TITLE	0x80064234	-	-	0
0x8006DE08	FUN_8006de08	20	ABSENTE	JUMELLE_NON_PORTEE	TITLE	0x80064260	-	-	0
0x8006DE1C	FUN_8006de1c	16	ABSENTE	JUMELLE_NON_PORTEE	TITLE	0x80064274	-	-	0
0x8006DE2C	SsSetReservedVoice	56	ABSENTE	JUMELLE_NON_PORTEE	TITLE	0x80064284	-	-	0
0x8006DE64	FUN_8006de64	16	ABSENTE	JUMELLE_NON_PORTEE	TITLE	0x800642BC	-	-	0
0x8006DE74	SsVabOpenHead	52	ABSENTE	JUMELLE_NON_PORTEE	TITLE	0x800642CC	-	-	0
0x8006DEA8	SsVabOpenHeadSticky	52	ABSENTE	JUMELLE_NON_PORTEE	TITLE	0x80064300	-	-	0
0x8006DEDC	SsVabFakeHead	52	ABSENTE	JUMELLE_NON_PORTEE	TITLE	0x80064334	-	-	0
0x8006DF10	SsVabOpenHeadWithMode	1096	ABSENTE	JUMELLE_NON_PORTEE	TITLE	0x80064368	-	-	0
0x8006E358	SpuMalloc	712	ABSENTE	JUMELLE_NON_PORTEE	TITLE	0x800647B0	-	-	0
0x8006E620	SsSetMVol	80	ABSENTE	PORTEE_AILLEURS	SLPS	0x8002C98C	SLPS_003_55/SLPS_003_55_exe.cs	SLPS_003_55_exe.SetVolume	0
0x8006E670	SpuSetCommonAttr	916	ABSENTE	JUMELLE_NON_PORTEE	TITLE	0x80064AC8	-	-	0
0x8006EA04	SsVabTransBody	208	ABSENTE	JUMELLE_NON_PORTEE	TITLE	0x80064E5C	-	-	0
0x8006EAD4	SpuRead	96	ABSENTE	JUMELLE_NON_PORTEE	TITLE	0x80064F2C	-	-	0
0x8006EB34	InitSoundSeq	808	ABSENTE	SANS_JUMELLE	-	-	-	-	-
0x8006EE5C	SsSeqOpen	204	ABSENTE	JUMELLE_NON_PORTEE	TITLE	0x800652B8	-	-	0
0x8006EF28	SeqPlay	276	ABSENTE	JUMELLE_NON_PORTEE	TITLE	0x80065384	-	-	0
0x8006F03C	GetSeqData	688	ABSENTE	JUMELLE_NON_PORTEE	TITLE	0x80065498	-	-	0
0x8006F2EC	NoteOn	280	ABSENTE	JUMELLE_NON_PORTEE	TITLE	0x80065748	-	-	0
0x8006F404	SetProgramChange	124	ABSENTE	JUMELLE_NON_PORTEE	TITLE	0x80065860	-	-	0
0x8006F480	SetControlChange	924	ABSENTE	SANS_JUMELLE	-	-	-	-	-
0x8006F81C	ContModulation	316	ABSENTE	JUMELLE_NON_PORTEE	TITLE	0x80065BFC	-	-	0
0x8006F958	ContPortaTime	316	ABSENTE	JUMELLE_NON_PORTEE	TITLE	0x80065D38	-	-	0
0x8006FA94	ContPortamento	360	ABSENTE	JUMELLE_NON_PORTEE	TITLE	0x80065E74	-	-	0
0x8006FBFC	ContResetAll	204	ABSENTE	JUMELLE_NON_PORTEE	TITLE	0x80065FDC	-	-	0
0x8006FCC8	ContNrpn1	308	ABSENTE	JUMELLE_NON_PORTEE	TITLE	0x800660A8	-	-	0
0x8006FDFC	ContNrpn2	328	ABSENTE	JUMELLE_NON_PORTEE	TITLE	0x800661DC	-	-	0
0x8006FF44	ContRpn1	124	ABSENTE	JUMELLE_NON_PORTEE	TITLE	0x80066324	-	-	0
0x8006FFC0	ContRpn2	124	ABSENTE	JUMELLE_NON_PORTEE	TITLE	0x800663A0	-	-	0
0x8007003C	ContDataEntry	1504	ABSENTE	JUMELLE_NON_PORTEE	TITLE	0x8006641C	-	-	0
0x8007061C	Snd_setVabAttr	716	ABSENTE	JUMELLE_NON_PORTEE	TITLE	0x800669FC	-	-	0
0x800708E8	SetPitchBend	176	ABSENTE	JUMELLE_NON_PORTEE	TITLE	0x80066CC8	-	-	0
0x80070998	GetMetaEvent	852	ABSENTE	JUMELLE_NON_PORTEE	TITLE	0x80066D78	-	-	0
0x80070CEC	ReadDeltaValue	188	ABSENTE	JUMELLE_NON_PORTEE	TITLE	0x800670CC	-	-	0
0x80070DA8	_SsUtResolveADSR	92	ABSENTE	JUMELLE_NON_PORTEE	TITLE	0x80067188	-	-	0
0x80070E04	_SsUtBuildADSR	140	ABSENTE	JUMELLE_NON_PORTEE	TITLE	0x800671E4	-	-	0
0x80070E90	Snd_nextsep	256	ABSENTE	SANS_JUMELLE	-	-	-	-	-
0x80070F90	SsUtGetVagAtr	576	ABSENTE	JUMELLE_NON_PORTEE	TITLE	0x80067270	-	-	0
0x800711D0	SsUtSetVagAtr	460	ABSENTE	JUMELLE_NON_PORTEE	TITLE	0x800674B0	-	-	0
0x8007139C	FUN_8007139c	20	ABSENTE	JUMELLE_NON_PORTEE	TITLE	0x8006767C	-	-	0
0x800713B0	SsUtGetProgAtr	268	ABSENTE	JUMELLE_NON_PORTEE	TITLE	0x80067798	-	-	0
0x800714BC	FUN_800714bc	16	ABSENTE	JUMELLE_NON_PORTEE	TITLE	0x800678A4	-	-	0
0x800714CC	Snd_SetPlayMode	256	ABSENTE	JUMELLE_NON_PORTEE	TITLE	0x800678B4	-	-	0
0x800715CC	SsSeqPlay	56	ABSENTE	JUMELLE_NON_PORTEE	TITLE	0x800679B4	-	-	0
0x80071604	SsSepPlay	56	ABSENTE	JUMELLE_NON_PORTEE	TITLE	0x800679EC	-	-	0
0x8007163C	SsPlayBack	196	ABSENTE	JUMELLE_NON_PORTEE	TITLE	0x80067A24	-	-	0
0x80071700	SsSetSerialVol	352	ABSENTE	PORTEE_AILLEURS	SLPS	0x8002C9DC	SLPS_003_55/SLPS_003_55_exe.cs	SLPS_003_55_exe.SetSpuInputVolume	0
0x80071860	SsVabTransCompleted	44	ABSENTE	JUMELLE_NON_PORTEE	TITLE	0x80067C48	-	-	0
0x8007188C	Snd_stop	364	ABSENTE	JUMELLE_NON_PORTEE	TITLE	0x80067C74	-	-	0
0x800719F8	SsSeqStop	40	ABSENTE	JUMELLE_NON_PORTEE	TITLE	0x80067DE0	-	-	0
0x80071A20	SsSepStop	44	ABSENTE	JUMELLE_NON_PORTEE	TITLE	0x80067E08	-	-	0
0x80071A4C	SsSeqCalledTbyT	628	ABSENTE	JUMELLE_NON_PORTEE	TITLE	0x80067E34	-	-	0
0x80071CC0	Snd_decrescendo	1200	ABSENTE	SANS_JUMELLE	-	-	-	-	-
0x80072170	Snd_replay	104	ABSENTE	JUMELLE_NON_PORTEE	TITLE	0x800686B4	-	-	0
0x800721D8	FUN_800721d8	44	ABSENTE	JUMELLE_NON_PORTEE	TITLE	0x80068884	-	-	0
0x80072204	Snd_crescendo	1404	ABSENTE	SANS_JUMELLE	-	-	-	-	-
0x80072780	Snd_pause	260	ABSENTE	JUMELLE_NON_PORTEE	TITLE	0x800680A8	-	-	0
0x80072884	Snd_tempo	480	ABSENTE	JUMELLE_NON_PORTEE	TITLE	0x800681AC	-	-	0
0x80072A64	SsVabClose	144	ABSENTE	JUMELLE_NON_PORTEE	TITLE	0x8006871C	-	-	0
0x80072AF4	SsVabOpen	92	ABSENTE	JUMELLE_NON_PORTEE	TITLE	0x800687AC	-	-	0
0x80072B50	SpuFree	124	ABSENTE	JUMELLE_NON_PORTEE	TITLE	0x80068808	-	-	0
0x80072BCC	seq_close	380	ABSENTE	JUMELLE_NON_PORTEE	TITLE	0x800688B0	-	-	0
0x80072D48	SsSetNck	36	ABSENTE	JUMELLE_NON_PORTEE	TITLE	0x80068A50	-	-	0
0x80072D6C	SsSepClose	36	ABSENTE	JUMELLE_NON_PORTEE	TITLE	0x80068A50	-	-	0
0x80072D90	Snd_SetPauseMode	216	ABSENTE	JUMELLE_NON_PORTEE	TITLE	0x80068E34	-	-	0
0x80072E68	SsSeqPause	40	ABSENTE	JUMELLE_NON_PORTEE	TITLE	0x80068F0C	-	-	0
0x80072E90	SsSepPause	44	ABSENTE	JUMELLE_NON_PORTEE	TITLE	0x80068F34	-	-	0
0x80072EBC	SsSetSerialAttr	148	ABSENTE	PORTEE_AILLEURS	SLPS	0x80035410	SLPS_003_55/SLPS_003_55_exe.cs	SLPS_003_55_exe.SetSpuInputAttribute	0
0x80072FF8	__main	112	SOUCHE	JUMELLE_NON_PORTEE	TITLE	0x8006909C	TITLE_EXE/TITLE_EXE_exe.cs	TITLE_EXE_exe.__main	0
0x80073068	__do_global_dtors	136	ABSENTE	JUMELLE_NON_PORTEE	TITLE	0x8006910C	-	-	0
0x800730F0	CdReset	108	ABSENTE	JUMELLE_NON_PORTEE	TITLE	0x80069194	-	-	0
0x8007315C	CdFlush	168	ABSENTE	JUMELLE_NON_PORTEE	TITLE	0x80069200	-	-	0
0x80073204	CdSync	32	ABSENTE	JUMELLE_NON_PORTEE	TITLE	0x800692A8	-	-	0
0x80073224	CdReady	32	ABSENTE	JUMELLE_NON_PORTEE	TITLE	0x800692C8	-	-	0
0x80073244	CdSyncCallback	24	ABSENTE	JUMELLE_NON_PORTEE	TITLE	0x800692E8	-	-	0
0x8007325C	CdReadyCallback	24	ABSENTE	JUMELLE_NON_PORTEE	TITLE	0x80069300	-	-	0
0x80073274	CdReadCallback	24	ABSENTE	JUMELLE_NON_PORTEE	TITLE	0x80069318	-	-	0
0x8007328C	CdControl	328	ABSENTE	JUMELLE_NON_PORTEE	TITLE	0x80069330	-	-	0
0x800733D4	CdControlF	316	ABSENTE	JUMELLE_NON_PORTEE	TITLE	0x80069478	-	-	0
0x80073510	CdControlB	340	ABSENTE	JUMELLE_NON_PORTEE	TITLE	0x800695B4	-	-	0
0x80073664	CdMix	36	ABSENTE	JUMELLE_NON_PORTEE	TITLE	0x80069708	-	-	0
0x80073688	CdGetSector	36	ABSENTE	JUMELLE_NON_PORTEE	TITLE	0x8006972C	-	-	0
0x800736AC	CdDataCallback	36	ABSENTE	JUMELLE_NON_PORTEE	TITLE	0x80069750	-	-	0
0x800736D0	CdDataSync	32	ABSENTE	JUMELLE_NON_PORTEE	TITLE	0x80069774	-	-	0
0x800736F0	CdReadSync	32	ABSENTE	JUMELLE_NON_PORTEE	TITLE	0x80069794	-	-	0
0x80073710	CdRead	128	ABSENTE	JUMELLE_NON_PORTEE	TITLE	0x800697B4	-	-	0
0x80073790	CdIntToPos	260	ABSENTE	JUMELLE_NON_PORTEE	TITLE	0x80069834	-	-	0
0x80073894	CdPosToInt	128	ABSENTE	JUMELLE_NON_PORTEE	TITLE	0x80069938	-	-	0
0x80073914	getintr	1340	ABSENTE	SANS_JUMELLE	-	-	-	-	-
0x80073E50	CD_sync	628	ABSENTE	SANS_JUMELLE	-	-	-	-	-
0x800740C4	CD_ready	704	ABSENTE	SANS_JUMELLE	-	-	-	-	-
0x80074384	CD_cw	1108	ABSENTE	SANS_JUMELLE	-	-	-	-	-
0x800747D8	CD_vol	136	ABSENTE	JUMELLE_NON_PORTEE	TITLE	0x8006A8B8	-	-	0
0x80074860	CD_shell	152	ABSENTE	SANS_JUMELLE	-	-	-	-	-
0x800748F8	CD_flush	224	ABSENTE	SANS_JUMELLE	-	-	-	-	-
0x800749D8	CD_initvol	244	ABSENTE	JUMELLE_NON_PORTEE	TITLE	0x8006AB38	-	-	0
0x80074ACC	CD_initintr	104	ABSENTE	SANS_JUMELLE	-	-	-	-	-
0x80074B34	CD_init	596	ABSENTE	SANS_JUMELLE	-	-	-	-	-
0x80074D88	cd_read_retry	716	ABSENTE	SANS_JUMELLE	-	-	-	-	-
0x80075054	CD_readm	248	ABSENTE	JUMELLE_NON_PORTEE	TITLE	0x8006B328	-	-	0
0x8007514C	CD_readsync	680	ABSENTE	SANS_JUMELLE	-	-	-	-	-
0x800753F4	CD_datasync	348	ABSENTE	SANS_JUMELLE	-	-	-	-	-
0x80075550	CD_getsector	240	ABSENTE	JUMELLE_NON_PORTEE	TITLE	0x8006B844	-	-	0
0x80075640	callback	224	ABSENTE	JUMELLE_NON_PORTEE	TITLE	0x8006B934	-	-	0
0x80075720	cb_read	364	ABSENTE	JUMELLE_NON_PORTEE	TITLE	0x8006BA14	-	-	0
0x8007588C	CdInit	144	ABSENTE	JUMELLE_NON_PORTEE	TITLE	0x8006BB80	-	-	0
0x8007591C	def_cbsync	40	ABSENTE	JUMELLE_NON_PORTEE	TITLE	0x8006BC10	-	-	0
0x80075944	def_cbready	40	ABSENTE	JUMELLE_NON_PORTEE	TITLE	0x8006BC38	-	-	0
0x8007596C	def_cbread	40	ABSENTE	JUMELLE_NON_PORTEE	TITLE	0x8006BC60	-	-	0
0x80075994	CdSearchFile	744	ABSENTE	JUMELLE_NON_PORTEE	TITLE	0x8006BC88	-	-	0
0x80075C7C	_cmp	36	ABSENTE	JUMELLE_NON_PORTEE	TITLE	0x8006BF70	-	-	0
0x80075CA0	CD_newmedia	756	ABSENTE	JUMELLE_NON_PORTEE	TITLE	0x8006BF94	-	-	0
0x80075F94	CD_searchdir	172	ABSENTE	JUMELLE_NON_PORTEE	TITLE	0x8006C288	-	-	0
0x80076040	CD_cachefile	700	ABSENTE	JUMELLE_NON_PORTEE	TITLE	0x8006C334	-	-	0
0x800762FC	cd_read	108	ABSENTE	JUMELLE_NON_PORTEE	TITLE	0x8006C5F0	-	-	0
0x80076368	memcpy	52	ABSENTE	JUMELLE_NON_PORTEE	TITLE	0x8006C65C	-	-	0
0x8007639C	CdGetToc	36	ABSENTE	JUMELLE_NON_PORTEE	TITLE	0x8006C690	-	-	0
0x800763C0	CdGetToc2	548	ABSENTE	JUMELLE_NON_PORTEE	TITLE	0x8006C6B4	-	-	0
0x800765E4	RotMatrixY	416	ABSENTE	JUMELLE_NON_PORTEE	TITLE	0x8006C8D8	-	-	0
0x80076784	CompMatrix	1352	ABSENTE	JUMELLE_NON_PORTEE	TITLE	0x8006CA78	-	-	0
0x80076CCC	ApplyMatrixLV	400	ABSENTE	JUMELLE_NON_PORTEE	TITLE	0x8006CFC0	-	-	0
0x80076E5C	ScaleMatrixL	292	ABSENTE	JUMELLE_NON_PORTEE	TITLE	0x8006D150	-	-	0
0x80076F80	PushMatrix	160	ABSENTE	JUMELLE_NON_PORTEE	TITLE	0x8006D274	-	-	0
0x80077020	PopMatrix	160	ABSENTE	JUMELLE_NON_PORTEE	TITLE	0x8006D314	-	-	0
0x800770C0	ReadRotMatrix	228	ABSENTE	JUMELLE_NON_PORTEE	TITLE	0x8006D3B4	-	-	0
0x800771A4	RotAverageNclip3	144	ABSENTE	JUMELLE_NON_PORTEE	TITLE	0x8006D498	-	-	0
0x80077234	RotAverageNclip4	176	ABSENTE	JUMELLE_NON_PORTEE	TITLE	0x8006D528	-	-	0
0x800772E4	RotAverage3	96	ABSENTE	SANS_JUMELLE	-	-	-	-	-
0x80077344	RotAverage4	128	ABSENTE	JUMELLE_NON_PORTEE	TITLE	0x8006D5D8	-	-	0
0x800773C4	TransposeMatrix	80	ABSENTE	SANS_JUMELLE	-	-	-	-	-
0x80077414	ratan2	524	ABSENTE	JUMELLE_NON_PORTEE	TITLE	0x8006D658	-	-	0
0x80077620	SetBackColor	32	ABSENTE	JUMELLE_NON_PORTEE	TITLE	0x8006D864	-	-	0
0x80077640	SetFarColor	148	ABSENTE	JUMELLE_NON_PORTEE	TITLE	0x8006D884	-	-	0
0x800776D4	SetGeomOffset	24	ABSENTE	JUMELLE_NON_PORTEE	TITLE	0x8006D918	-	-	0
0x800776EC	SetGeomScreen	48	ABSENTE	JUMELLE_NON_PORTEE	TITLE	0x8006D930	-	-	0
0x8007771C	SquareRoot0	996	ABSENTE	JUMELLE_NON_PORTEE	TITLE	0x8006D960	-	-	0
0x80077B00	TransMatrix	36	ABSENTE	JUMELLE_NON_PORTEE	TITLE	0x8006DD44	-	-	0
0x80077B24	ScaleMatrix	292	ABSENTE	JUMELLE_NON_PORTEE	TITLE	0x8006DD68	-	-	0
0x80077C48	SetRotMatrix	48	ABSENTE	JUMELLE_NON_PORTEE	TITLE	0x8006DE8C	-	-	0
0x80077C78	SetLightMatrix	48	ABSENTE	JUMELLE_NON_PORTEE	TITLE	0x8006DEBC	-	-	0
0x80077CA8	SetColorMatrix	48	ABSENTE	JUMELLE_NON_PORTEE	TITLE	0x8006DEEC	-	-	0
0x80077CD8	SetTransMatrix	36	ABSENTE	JUMELLE_NON_PORTEE	TITLE	0x8006DF1C	-	-	0
0x80077CFC	RotTransPers	128	ABSENTE	JUMELLE_NON_PORTEE	TITLE	0x8006DF40	-	-	0
0x80077D7C	RotTrans	192	ABSENTE	JUMELLE_NON_PORTEE	TITLE	0x8006DFC0	-	-	0
0x80077E3C	NormalColorDpq	368	ABSENTE	JUMELLE_NON_PORTEE	TITLE	0x8006E080	-	-	0
0x80077FAC	InitGeom	128	ABSENTE	JUMELLE_NON_PORTEE	TITLE	0x8006E1F0	-	-	0
0x8007802C	_patch_gte	104	ABSENTE	JUMELLE_NON_PORTEE	TITLE	0x8006E270	-	-	0
0x80078094	FUN_80078094*	56	ABSENTE	JUMELLE_NON_PORTEE	TITLE	0x8006E2D8	-	-	0
0x800780CC	RotMatrix	652	ABSENTE	JUMELLE_NON_PORTEE	TITLE	0x8006E310	-	-	0
0x80078358	FUN_80078358*	380	ABSENTE	JUMELLE_NON_PORTEE	TITLE	0x8006E59C	-	-	0
0x800784D4	RotMatrix_C	384	ABSENTE	JUMELLE_NON_PORTEE	TITLE	0x8006E718	-	-	0
0x80078654	RotMatrixYXZ_C	376	ABSENTE	JUMELLE_NON_PORTEE	TITLE	0x8006E898	-	-	0
0x800787CC	RotMatrixX_C	372	ABSENTE	JUMELLE_NON_PORTEE	TITLE	0x8006EA10	-	-	0
0x80078940	RotMatrixY_C	372	ABSENTE	JUMELLE_NON_PORTEE	TITLE	0x8006EB84	-	-	0
0x80078AB4	RotMatrixZ_C	372	ABSENTE	JUMELLE_NON_PORTEE	TITLE	0x8006ECF8	-	-	0
0x80078C28	rsin	60	ABSENTE	JUMELLE_NON_PORTEE	TITLE	0x8006EE6C	-	-	0
0x80078C64	sin_1	160	ABSENTE	JUMELLE_NON_PORTEE	TITLE	0x8006EEA8	-	-	0
0x80078D04	rcos	176	ABSENTE	JUMELLE_NON_PORTEE	TITLE	0x8006EF48	-	-	0
0x80078DB4	EigenMatrix	936	ABSENTE	JUMELLE_NON_PORTEE	TITLE	0x8006EFF8	-	-	0
0x8007915C	IsIdMatrix	208	ABSENTE	JUMELLE_NON_PORTEE	TITLE	0x8006F3A0	-	-	0
0x8007922C	MatrixNormal_0	288	ABSENTE	JUMELLE_NON_PORTEE	TITLE	0x8006F470	-	-	0
0x8007934C	MatrixNormal_1	288	ABSENTE	JUMELLE_NON_PORTEE	TITLE	0x8006F590	-	-	0
0x8007946C	MatrixNormal_2	448	ABSENTE	JUMELLE_NON_PORTEE	TITLE	0x8006F6B0	-	-	0
0x8007962C	VectorNormal	92	ABSENTE	JUMELLE_NON_PORTEE	TITLE	0x8006F870	-	-	0
0x80079688	FUN_80079688*	744	ABSENTE	JUMELLE_NON_PORTEE	TITLE	0x8006F8CC	-	-	0
0x80079970	OuterProduct12	204	ABSENTE	JUMELLE_NON_PORTEE	TITLE	0x8006FBB4	-	-	0
0x80079A3C	srand	16	ABSENTE	JUMELLE_NON_PORTEE	TITLE	0x8006FC80	-	-	0
0x80079A4C	bcopy	16	ABSENTE	JUMELLE_NON_PORTEE	TITLE	0x8006FC90	-	-	0
0x80079A5C	bzero	16	ABSENTE	JUMELLE_NON_PORTEE	TITLE	0x8006FCA0	-	-	0
0x80079A6C	memset	16	ABSENTE	JUMELLE_NON_PORTEE	TITLE	0x8006FCB0	-	-	0
0x80079A7C	strcat	16	ABSENTE	JUMELLE_NON_PORTEE	TITLE	0x8006FCC0	-	-	0
0x80079A8C	printf	16	ABSENTE	JUMELLE_NON_PORTEE	TITLE	0x8006FCD0	-	-	0
0x80079A9C	strcmp	16	ABSENTE	JUMELLE_NON_PORTEE	TITLE	0x8006FCE0	-	-	0
0x80079AAC	memmove	144	ABSENTE	SANS_JUMELLE	-	-	-	-	-
0x80079B3C	strncmp	16	ABSENTE	JUMELLE_NON_PORTEE	TITLE	0x8006FD70	-	-	0
0x80079B4C	rand	16	ABSENTE	JUMELLE_NON_PORTEE	TITLE	0x8006FD80	-	-	0
0x80079B5C	PadInit	96	ABSENTE	SANS_JUMELLE	-	-	-	-	-
0x80079BBC	PadRead	48	ABSENTE	JUMELLE_NON_PORTEE	TITLE	0x8006FDF0	-	-	0
0x80079BEC	PadStop	56	ABSENTE	JUMELLE_NON_PORTEE	TITLE	0x8006FE20	-	-	0
0x80079C24	FUN_80079c24	16	ABSENTE	JUMELLE_NON_PORTEE	TITLE	0x8006FE58	-	-	0
0x80079C34	ResetCallback	48	ABSENTE	JUMELLE_NON_PORTEE	TITLE	0x8006FE68	-	-	0
0x80079C64	InterruptCallback	48	ABSENTE	JUMELLE_NON_PORTEE	TITLE	0x8006FE98	-	-	0
0x80079C94	DMACallback	48	ABSENTE	JUMELLE_NON_PORTEE	TITLE	0x8006FEC8	-	-	0
0x80079CC4	VSyncCallback	52	ABSENTE	JUMELLE_NON_PORTEE	TITLE	0x8006FEF8	-	-	0
0x80079CF8	VSyncCallbacks	48	ABSENTE	JUMELLE_NON_PORTEE	TITLE	0x8006FF2C	-	-	0
0x80079D28	StopCallback	48	ABSENTE	JUMELLE_NON_PORTEE	TITLE	0x8006FF5C	-	-	0
0x80079D58	RestartCallback	48	ABSENTE	JUMELLE_NON_PORTEE	TITLE	0x8006FF8C	-	-	0
0x80079D88	CheckCallback	40	ABSENTE	JUMELLE_NON_PORTEE	TITLE	0x8006FFBC	-	-	0
0x80079DB0	SetIntrMask	28	ABSENTE	JUMELLE_NON_PORTEE	TITLE	0x8006FFE4	-	-	0
0x80079DCC	startIntr	220	ABSENTE	JUMELLE_NON_PORTEE	TITLE	0x80070000	-	-	0
0x80079EA8	trapIntr	488	ABSENTE	JUMELLE_NON_PORTEE	TITLE	0x800700DC	-	-	0
0x8007A090	setIntr	340	ABSENTE	JUMELLE_NON_PORTEE	TITLE	0x800702C4	-	-	0
0x8007A1E4	stopIntr	176	ABSENTE	JUMELLE_NON_PORTEE	TITLE	0x80070418	-	-	0
0x8007A294	restartIntr	136	ABSENTE	JUMELLE_NON_PORTEE	TITLE	0x800704C8	-	-	0
0x8007A31C	memclr	44	ABSENTE	JUMELLE_NON_PORTEE	TITLE	0x80070550	-	-	0
0x8007A348	setjmp	16	ABSENTE	JUMELLE_NON_PORTEE	TITLE	0x8007057C	-	-	0
0x8007A358	startIntrDMA	80	ABSENTE	JUMELLE_NON_PORTEE	TITLE	0x8007058C	-	-	0
0x8007A3A8	trapIntrDMA	388	ABSENTE	JUMELLE_NON_PORTEE	TITLE	0x800705DC	-	-	0
0x8007A52C	setIntrDMA	168	ABSENTE	JUMELLE_NON_PORTEE	TITLE	0x80070760	-	-	0
0x8007A5D4	memclr	44	ABSENTE	JUMELLE_NON_PORTEE	TITLE	0x80070808	-	-	0
0x8007A600	startIntrVSync	88	ABSENTE	JUMELLE_NON_PORTEE	TITLE	0x80070834	-	-	0
0x8007A658	trapIntrVSync	124	ABSENTE	JUMELLE_NON_PORTEE	TITLE	0x8007088C	-	-	0
0x8007A6D4	setIntrVSync	44	ABSENTE	JUMELLE_NON_PORTEE	TITLE	0x80070908	-	-	0
0x8007A700	memclr	44	ABSENTE	JUMELLE_NON_PORTEE	TITLE	0x80070934	-	-	0
0x8007A72C	VSync	328	ABSENTE	JUMELLE_NON_PORTEE	TITLE	0x80070960	-	-	0
0x8007A874	v_wait	156	ABSENTE	JUMELLE_NON_PORTEE	TITLE	0x80070AA8	-	-	0
0x8007A910	puts	16	ABSENTE	JUMELLE_NON_PORTEE	TITLE	0x8006FD90	-	-	0
0x8007A920	CloseEvent	16	ABSENTE	JUMELLE_NON_PORTEE	TITLE	0x80070B44	-	-	0
0x8007A930	PAD_dr	16	ABSENTE	JUMELLE_NON_PORTEE	TITLE	0x80070B54	-	-	0
0x8007A940	FUN_8007a940	16	ABSENTE	JUMELLE_NON_PORTEE	TITLE	0x80070B64	-	-	0
0x8007A950	lseek	16	ABSENTE	JUMELLE_NON_PORTEE	TITLE	0x80070B74	-	-	0
0x8007A960	close	16	ABSENTE	JUMELLE_NON_PORTEE	TITLE	0x80070B84	-	-	0
0x8007A970	write	16	ABSENTE	JUMELLE_NON_PORTEE	TITLE	0x80070B94	-	-	0
0x8007A980	EnableEvent	16	ABSENTE	JUMELLE_NON_PORTEE	TITLE	0x80070BA4	-	-	0
0x8007A990	StopPAD	16	ABSENTE	JUMELLE_NON_PORTEE	TITLE	0x80070BB4	-	-	0
0x8007A9A0	format	16	ABSENTE	JUMELLE_NON_PORTEE	TITLE	0x80070BC4	-	-	0
0x8007A9B0	SetRCnt	212	ABSENTE	SANS_JUMELLE	-	-	-	-	-
0x8007AA84	StartRCnt	48	ABSENTE	SANS_JUMELLE	-	-	-	-	-
0x8007AAB4	StopRCnt	52	ABSENTE	SANS_JUMELLE	-	-	-	-	-
0x8007AAE8	ResetRCnt	56	ABSENTE	SANS_JUMELLE	-	-	-	-	-
0x8007AB20	DisableEvent	16	ABSENTE	JUMELLE_NON_PORTEE	TITLE	0x80070D54	-	-	0
0x8007AB30	DeliverEvent	16	ABSENTE	JUMELLE_NON_PORTEE	TITLE	0x80070D64	-	-	0
0x8007AB40	HookEntryInt	16	ABSENTE	JUMELLE_NON_PORTEE	TITLE	0x80070D74	-	-	0
0x8007AB50	_96_init	16	ABSENTE	JUMELLE_NON_PORTEE	TITLE	0x80070D84	TITLE_EXE/FrameLoop.cs	FrameLoop._96_init	0
0x8007AB60	StartPAD	16	ABSENTE	JUMELLE_NON_PORTEE	TITLE	0x80070D94	-	-	0
0x8007AB70	PAD_init	16	ABSENTE	JUMELLE_NON_PORTEE	TITLE	0x80070DA4	-	-	0
0x8007AB90	ChangeClearPAD	16	ABSENTE	JUMELLE_NON_PORTEE	TITLE	0x80070DC4	-	-	0
0x8007ABA0	ResetEntryInt	16	ABSENTE	JUMELLE_NON_PORTEE	TITLE	0x80070DD4	-	-	0
0x8007ABB0	_bu_init	16	ABSENTE	JUMELLE_NON_PORTEE	TITLE	0x80070DE4	-	-	0
0x8007ABC0	nextfile	16	ABSENTE	JUMELLE_NON_PORTEE	TITLE	0x80070DF4	-	-	0
0x8007ABD0	OpenEvent	16	ABSENTE	JUMELLE_NON_PORTEE	TITLE	0x80070E04	-	-	0
0x8007ABE0	read	16	ABSENTE	JUMELLE_NON_PORTEE	TITLE	0x80070E14	-	-	0
0x8007ABF0	WaitEvent	16	ABSENTE	JUMELLE_NON_PORTEE	TITLE	0x80070E24	-	-	0
0x8007AC00	TestEvent	16	ABSENTE	JUMELLE_NON_PORTEE	TITLE	0x80070E34	-	-	0
0x8007AC10	FUN_8007ac10	16	ABSENTE	JUMELLE_NON_PORTEE	TITLE	0x80070E44	-	-	0
0x8007AC20	ChangeClearRCnt	16	ABSENTE	JUMELLE_NON_PORTEE	TITLE	0x80070E54	-	-	0
0x8007AC30	open	16	ABSENTE	JUMELLE_NON_PORTEE	TITLE	0x80070E64	-	-	0
0x8007AC40	_96_remove	16	ABSENTE	JUMELLE_NON_PORTEE	TITLE	0x80070E74	-	-	0
0x8007AC50	firstfile	16	ABSENTE	JUMELLE_NON_PORTEE	TITLE	0x80070E84	-	-	0
0x8007AC60	ReturnFromException	16	ABSENTE	JUMELLE_NON_PORTEE	TITLE	0x80070E94	-	-	0
0x8007AC70	FlushCache	16	ABSENTE	JUMELLE_NON_PORTEE	TITLE	0x80070EA4	-	-	0
0x8007AC80	GetTPage	200	ABSENTE	JUMELLE_NON_PORTEE	TITLE	0x80070EB4	-	-	0
0x8007AD48	GetClut	24	ABSENTE	JUMELLE_NON_PORTEE	TITLE	0x80070F7C	-	-	0
0x8007AD60	DumpTPage	208	ABSENTE	JUMELLE_NON_PORTEE	TITLE	0x80070F94	-	-	0
0x8007AE30	DumpClut	120	ABSENTE	JUMELLE_NON_PORTEE	TITLE	0x80071064	-	-	0
0x8007AEA8	AddPrim	156	ABSENTE	JUMELLE_NON_PORTEE	TITLE	0x800710DC	-	-	0
0x8007AF44	TermPrim	24	ABSENTE	JUMELLE_NON_PORTEE	TITLE	0x80071178	-	-	0
0x8007AF5C	SetSemiTrans	40	ABSENTE	JUMELLE_NON_PORTEE	TITLE	0x80071190	-	-	0
0x8007AF84	SetShadeTex	40	ABSENTE	JUMELLE_NON_PORTEE	TITLE	0x800711B8	-	-	0
0x8007AFAC	SetPolyF3	20	ABSENTE	JUMELLE_NON_PORTEE	TITLE	0x800711E0	-	-	0
0x8007AFC0	SetPolyFT3	20	ABSENTE	JUMELLE_NON_PORTEE	TITLE	0x800711F4	-	-	0
0x8007AFD4	SetPolyG3	20	ABSENTE	JUMELLE_NON_PORTEE	TITLE	0x80071208	-	-	0
0x8007AFE8	SetPolyGT3	20	ABSENTE	JUMELLE_NON_PORTEE	TITLE	0x8007121C	-	-	0
0x8007AFFC	SetPolyF4	20	ABSENTE	JUMELLE_NON_PORTEE	TITLE	0x80071230	-	-	0
0x8007B010	SetPolyFT4	20	ABSENTE	JUMELLE_NON_PORTEE	TITLE	0x80071244	-	-	0
0x8007B024	SetPolyG4	20	ABSENTE	JUMELLE_NON_PORTEE	TITLE	0x80071258	-	-	0
0x8007B038	SetPolyGT4	20	ABSENTE	JUMELLE_NON_PORTEE	TITLE	0x8007126C	-	-	0
0x8007B04C	SetSprt8	120	ABSENTE	JUMELLE_NON_PORTEE	TITLE	0x80071280	-	-	0
0x8007B0C4	SetTile	288	ABSENTE	SANS_JUMELLE	-	-	-	-	-
0x8007B1E4	DumpDrawEnv	384	ABSENTE	JUMELLE_NON_PORTEE	TITLE	0x8007141C	-	-	0
0x8007B364	DumpDispEnv	172	ABSENTE	JUMELLE_NON_PORTEE	TITLE	0x8007159C	-	-	0
0x8007B410	ResetGraph	348	ABSENTE	JUMELLE_NON_PORTEE	TITLE	0x80071648	-	-	0
0x8007B56C	SetGraphReverse	276	ABSENTE	JUMELLE_NON_PORTEE	TITLE	0x800717A4	-	-	0
0x8007B680	SetGraphDebug	108	ABSENTE	JUMELLE_NON_PORTEE	TITLE	0x800718B8	-	-	0
0x8007B6EC	SetGraphQueue	172	ABSENTE	JUMELLE_NON_PORTEE	TITLE	0x80071924	-	-	0
0x8007B798	GetGraphType	32	ABSENTE	JUMELLE_NON_PORTEE	TITLE	0x800719D0	-	-	0
0x8007B7B8	DrawSyncCallback	92	ABSENTE	JUMELLE_NON_PORTEE	TITLE	0x800719F0	-	-	0
0x8007B814	SetDispMask	156	ABSENTE	JUMELLE_NON_PORTEE	TITLE	0x80071A4C	-	-	0
0x8007B8B0	DrawSync	108	ABSENTE	JUMELLE_NON_PORTEE	TITLE	0x80071AE8	-	-	0
0x8007B91C	checkRECT	296	ABSENTE	JUMELLE_NON_PORTEE	TITLE	0x80071B54	-	-	0
0x8007BA44	ClearImage	148	ABSENTE	JUMELLE_NON_PORTEE	TITLE	0x80071C7C	-	-	0
0x8007BAD8	LoadImage	100	ABSENTE	JUMELLE_NON_PORTEE	TITLE	0x80071D10	-	-	0
0x8007BB3C	StoreImage	100	ABSENTE	JUMELLE_NON_PORTEE	TITLE	0x80071D74	-	-	0
0x8007BBA0	MoveImage	196	ABSENTE	JUMELLE_NON_PORTEE	TITLE	0x80071DD8	-	-	0
0x8007BC64	ClearOTag	184	ABSENTE	JUMELLE_NON_PORTEE	TITLE	0x80071E9C	-	-	0
0x8007BD1C	ClearOTagR	152	ABSENTE	JUMELLE_NON_PORTEE	TITLE	0x80071F54	-	-	0
0x8007BDB4	DrawPrim	96	ABSENTE	JUMELLE_NON_PORTEE	TITLE	0x80071FEC	-	-	0
0x8007BE14	DrawOTag	116	ABSENTE	JUMELLE_NON_PORTEE	TITLE	0x8007204C	-	-	0
0x8007BE88	PutDrawEnv	196	ABSENTE	JUMELLE_NON_PORTEE	TITLE	0x800720C0	-	-	0
0x8007BF4C	GetDrawEnv	56	ABSENTE	JUMELLE_NON_PORTEE	TITLE	0x80072184	-	-	0
0x8007BF84	PutDispEnv	1060	ABSENTE	JUMELLE_NON_PORTEE	TITLE	0x800721BC	-	-	0
0x8007C3A8	GetDispEnv	56	ABSENTE	JUMELLE_NON_PORTEE	TITLE	0x800725E0	-	-	0
0x8007C3E0	GetODE	52	ABSENTE	JUMELLE_NON_PORTEE	TITLE	0x80072618	-	-	0
0x8007C414	SetTexWindow	60	ABSENTE	JUMELLE_NON_PORTEE	TITLE	0x8007264C	-	-	0
0x8007C450	SetDrawArea	132	ABSENTE	JUMELLE_NON_PORTEE	TITLE	0x80072688	-	-	0
0x8007C4D4	SetDrawOffset	108	ABSENTE	JUMELLE_NON_PORTEE	TITLE	0x8007270C	-	-	0
0x8007C540	SetDrawMode	88	ABSENTE	JUMELLE_NON_PORTEE	TITLE	0x80072778	-	-	0
0x8007C598	SetDrawEnv	676	ABSENTE	SANS_JUMELLE	-	-	-	-	-
0x8007C83C	get_mode	92	ABSENTE	JUMELLE_NON_PORTEE	TITLE	0x80072A74	-	-	0
0x8007C898	get_cs	204	ABSENTE	SANS_JUMELLE	-	-	-	-	-
0x8007C964	get_ce	204	ABSENTE	SANS_JUMELLE	-	-	-	-	-
0x8007CA30	get_ofs	72	ABSENTE	JUMELLE_NON_PORTEE	TITLE	0x80072C68	-	-	0
0x8007CA78	get_tw	132	ABSENTE	JUMELLE_NON_PORTEE	TITLE	0x80072CB0	-	-	0
0x8007CAFC	get_dx	188	ABSENTE	JUMELLE_NON_PORTEE	TITLE	0x80072D34	-	-	0
0x8007CBB8	_status	24	ABSENTE	JUMELLE_NON_PORTEE	TITLE	0x80072DF0	-	-	0
0x8007CBD0	_otc	232	ABSENTE	JUMELLE_NON_PORTEE	TITLE	0x80072E08	-	-	0
0x8007CCB8	_clr	544	ABSENTE	SANS_JUMELLE	-	-	-	-	-
0x8007CED8	_dws	604	ABSENTE	SANS_JUMELLE	-	-	-	-	-
0x8007D134	_drs	668	ABSENTE	SANS_JUMELLE	-	-	-	-	-
0x8007D3D0	_ctl	44	ABSENTE	JUMELLE_NON_PORTEE	TITLE	0x80073600	-	-	0
0x8007D3FC	_getctl	24	ABSENTE	JUMELLE_NON_PORTEE	TITLE	0x8007362C	-	-	0
0x8007D414	_cwb	80	ABSENTE	JUMELLE_NON_PORTEE	TITLE	0x80073644	-	-	0
0x8007D464	_cwc	76	ABSENTE	JUMELLE_NON_PORTEE	TITLE	0x80073694	-	-	0
0x8007D4B0	_param	48	ABSENTE	JUMELLE_NON_PORTEE	TITLE	0x800736E0	-	-	0
0x8007D4E0	_addque	36	ABSENTE	JUMELLE_NON_PORTEE	TITLE	0x80073710	-	-	0
0x8007D504	_addque2	764	ABSENTE	SANS_JUMELLE	-	-	-	-	-
0x8007D800	_exeque	788	ABSENTE	JUMELLE_NON_PORTEE	TITLE	0x80073A28	-	-	0
0x8007DB14	_reset	316	ABSENTE	JUMELLE_NON_PORTEE	TITLE	0x80073D3C	-	-	0
0x8007DC50	_sync	328	ABSENTE	JUMELLE_NON_PORTEE	TITLE	0x80073E78	-	-	0
0x8007DD98	set_alarm	52	ABSENTE	JUMELLE_NON_PORTEE	TITLE	0x80073FC0	-	-	0
0x8007DDCC	get_alarm	364	ABSENTE	JUMELLE_NON_PORTEE	TITLE	0x80073FF4	-	-	0
0x8007DF38	_version	224	ABSENTE	JUMELLE_NON_PORTEE	TITLE	0x80074160	-	-	0
0x8007E018	memset	44	ABSENTE	JUMELLE_NON_PORTEE	TITLE	0x80074240	-	-	0
0x8007E044	memcpy	16	ABSENTE	JUMELLE_NON_PORTEE	TITLE	0x8007426C	-	-	0
0x8007E054	GPU_cw	80	ABSENTE	JUMELLE_NON_PORTEE	TITLE	0x8007427C	-	-	0
0x8007E0A4	FntLoad	164	ABSENTE	JUMELLE_NON_PORTEE	TITLE	0x800742CC	-	-	0
0x8007E148	FntOpen	724	ABSENTE	JUMELLE_NON_PORTEE	TITLE	0x80074370	-	-	0
0x8007E41C	FntFlush	808	ABSENTE	JUMELLE_NON_PORTEE	TITLE	0x80074644	-	-	0
0x8007E744	FntPrint	1000	ABSENTE	JUMELLE_NON_PORTEE	TITLE	0x8007496C	-	-	0
0x8007EB2C	strlen	16	ABSENTE	JUMELLE_NON_PORTEE	TITLE	0x80074D54	-	-	0
0x8007EB3C	LoadTPage	236	ABSENTE	JUMELLE_NON_PORTEE	TITLE	0x80074D64	-	-	0
0x8007EC28	LoadClut	104	ABSENTE	JUMELLE_NON_PORTEE	TITLE	0x80074E50	-	-	0
0x8007EC90	SetDefDrawEnv	192	ABSENTE	JUMELLE_NON_PORTEE	TITLE	0x80074EB8	-	-	0
0x8007ED50	SetDefDispEnv	60	ABSENTE	JUMELLE_NON_PORTEE	TITLE	0x80074F78	-	-	0
