address	name	sizeInBytes	callerCount	calleeCount
0x80021d44	FUN_80021d44	80	0	7
0x80021d94	FUN_80021d94	256	0	7
0x80021e94	FUN_80021e94	216	2	7
0x80021f6c	FUN_80021f6c	168	0	6
0x80022014	FUN_80022014	112	2	3
0x80022084	FUN_80022084	112	2	2
0x800220f4	FUN_800220f4	64	2	1
0x80022134	FUN_80022134	100	2	2
0x80022198	FUN_80022198	152	2	4
0x80022230	FUN_80022230	116	3	1
0x800222a4	FUN_800222a4	116	2	1
0x80022318	FUN_80022318	72	3	1
0x80022360	FUN_80022360	72	2	1
0x800223a8	FUN_800223a8	360	1	4
0x80022510	FUN_80022510	584	1	4
0x80022758	FUN_80022758	280	2	5
0x80022870	FUN_80022870	308	1	5
0x800229a4	FUN_800229a4	144	1	1
0x80022a34	FUN_80022a34	40	0	1
0x80022a5c	FUN_80022a5c	44	0	1
0x80022a88	FUN_80022a88	40	1	1
0x80022ab0	FUN_80022ab0	2148	3	11
0x80023314	FUN_80023314	1404	0	10
0x80023890	FUN_80023890	5096	1	10
0x80024c78	FUN_80024c78	2076	1	3
0x80025494	FUN_80025494	220	1	1
0x80025570	FUN_80025570	492	1	1
0x8002575c	FUN_8002575c	736	1	1
0x80025a3c	FUN_80025a3c	212	1	1
0x80025b10	FUN_80025b10	692	1	1
0x80025dc4	FUN_80025dc4	372	2	1
0x80025f38	FUN_80025f38	692	1	1
0x800261ec	FUN_800261ec	304	1	1
0x8002631c	FUN_8002631c	264	2	1
0x80026424	FUN_80026424	180	1	0
0x800264d8	FUN_800264d8	608	1	2
0x80026a28	FUN_80026a28	64	3	0
0x80026a68	FUN_80026a68	88	1	2
0x80026ac0	FUN_80026ac0	584	1	1
0x80026d08	FUN_80026d08	144	1	1
0x80026d98	FUN_80026d98	1448	1	2
0x80027340	FUN_80027340	816	1	6
0x80027670	FUN_80027670	6600	0	3
0x800290d0	FUN_800290d0	76	1	1
0x800297b0	FUN_800297b0	312	0	5
0x800299e8	FUN_800299e8	176	0	0
0x8002c424	FUN_8002c424	84	0	2
0x8002c478	FUN_8002c478	140	1	0
0x800304f0	FUN_800304f0	88	0	2
0x80030548	FUN_80030548	164	1	0
0x800319ac	FUN_800319ac	268	0	0
0x80031ab8	FUN_80031ab8	164	2	0
0x80031dc8	FUN_80031dc8	108	0	1
0x80031e34	FUN_80031e34	120	0	0
0x80031eac	FUN_80031eac	104	0	0
0x80031f14	FUN_80031f14	92	0	0
0x80031f70	FUN_80031f70	112	0	0
0x80031fe0	FUN_80031fe0	340	0	0
0x80032134	FUN_80032134	328	1	0
0x800322d0	FUN_800322d0	132	1	0
0x800326ac	FUN_800326ac	1400	1	2
0x80032c24	FUN_80032c24	628	1	0
0x80033020	FUN_80033020	496	1	0
0x80033210	FUN_80033210	852	1	0
0x80033564	FUN_80033564	892	1	0
0x800338e0	FUN_800338e0	900	1	0
0x80033c64	FUN_80033c64	796	1	10
0x800340a8	FUN_800340a8	1764	1	11
0x8003478c	FUN_8003478c	140	1	0
0x80034818	FUN_80034818	1408	1	2
0x80034d98	FUN_80034d98	116	1	3
0x80034e10	DecompressLZSS	156	4	0
0x80035030	FUN_80035030	1708	0	5
0x800356dc	FUN_800356dc	476	0	7
0x800358b8	RenderBattleScene3D	3208	0	10
0x80036540	FUN_80036540	184	1	0
0x800365f8	FUN_800365f8	184	1	0
0x800366b0	FUN_800366b0	184	1	0
0x80036768	ExecuteAnimStreamBatch	764	0	6
0x80036a64	FUN_80036a64	2312	0	9
0x800373a0	AnimCmd_RenderEntryGroup	1	0	0
0x80037e30	AnimCmd_LoadTexture	1	0	0
0x80037f20	AnimCmd_SetCharRenderState	660	2	0
0x80038720	AnimCmd_SetMeshPaletteRange	1	0	0
0x80038a34	AnimCmd_AddPrimsToOT	1	0	0
0x80038bd0	AnimCmd_AsyncLoadTexture	1	0	0
0x80038d5c	AnimCmd_ApplyCharEffect	1	0	0
0x80038ed4	AnimCmd_ConditionalBranch	1	0	0
0x8003913c	AnimCmd_AnimateVertexColors	1	0	0
0x80039600	AnimCmd_AnimatePolyColorRGBA	1	0	0
0x80039c18	AnimCmd_XAddSet	1	0	0
0x80039df0	AnimCmd_PartsLink	1	0	0
0x8003a034	AnimCmd_XMaxSet	1	0	0
0x8003a1ac	AnimCmd_Rgb2Set	1	0	0
0x8003a6c4	AnimCmd_Utility	1	0	0
0x8003ae50	AnimCmd_BitChk	1	0	0
0x8003b10c	AnimCmd_EndSet	1	0	0
0x8003b184	AnimCmd_BaseCulX	1	0	0
0x8003b604	AnimCmd_BaseCulY	1	0	0
0x8003ba98	AnimCmd_BaseCulZ	1	0	0
0x8003bf2c	AnimCmd_BaseCulP	1	0	0
0x8003c3c0	FUN_8003c3c0	292	0	2
0x8003c9ec	AnimCmd_Uv0123Set	1	0	0
0x8003cde4	AnimCmd_EffSet	1	0	0
0x8003d0b4	AnimCmd_AttSet	1	0	0
0x8003d42c	AnimCmd_Xy0123Set	1	0	0
0x8003d974	AnimCmd_OtZSet	1	0	0
0x8003dcbc	AnimCmd_ChEffSet	1784	1	0
0x8003e3b4	AnimCmd_ChDanSet	1	0	0
0x8003ea78	AnimCmd_CheffWait	1	0	0
0x8003ecfc	StepVolumeRamp	136	1	1
0x8003f228	FUN_8003f228	136	0	0
0x8003f2b0	FUN_8003f2b0	96	1	0
0x8003f310	FUN_8003f310	560	0	1
0x8003f540	FUN_8003f540	384	1	1
0x8003f6c0	TransformMeshPrimitives	724	0	10
0x8003f994	FUN_8003f994	756	0	0
0x8003fe98	FUN_8003fe98	192	0	2
0x80040f30	FUN_80040f30	72	1	1
0x800411b4	FUN_800411b4	824	1	9
0x800414ec	FUN_800414ec	536	1	5
0x80041724	FUN_80041724	760	0	5
0x80041aa8	FUN_80041aa8	632	0	3
0x80041d20	FUN_80041d20	820	0	11
0x80042054	FUN_80042054	1116	5	7
0x800424b0	FUN_800424b0	932	1	2
0x800429a8	UpdateAttackEventTask	592	0	7
0x80042f74	FUN_80042f74	784	0	7
0x80043598	CreateAttackEventTask	312	0	2
0x800437ec	FUN_800437ec	212	4	2
0x800438c0	FUN_800438c0	6248	0	3
0x80045130	FUN_80045130	1764	0	1
0x80045814	FUN_80045814	388	1	0
0x80045998	FUN_80045998	160	3	0
0x80045a38	FUN_80045a38	184	3	0
0x80045af0	FUN_80045af0	128	2	0
0x80045b70	FUN_80045b70	388	3	0
0x80045cf4	FUN_80045cf4	400	2	1
0x80045f34	ComputeYawPitchToTarget	712	3	7
0x800461fc	FUN_800461fc	228	1	6
0x80047550	FUN_80047550	312	2	6
0x80047688	FUN_80047688	184	3	4
0x80047740	FUN_80047740	172	5	0
0x800477ec	FUN_800477ec	568	5	1
0x80047a24	FUN_80047a24	236	5	1
0x80047b10	FUN_80047b10	340	5	1
0x80047c64	FighterSetState	148	15	2
0x80047cf8	FUN_80047cf8	288	1	0
0x80047e18	FUN_80047e18	416	1	0
0x80047fb8	FUN_80047fb8	212	3	0
0x8004808c	FUN_8004808c	212	3	0
0x80048160	FUN_80048160	396	1	0
0x800482ec	FUN_800482ec	1264	2	0
0x800487dc	FUN_800487dc	544	2	1
0x800489fc	FUN_800489fc	548	2	1
0x80048c20	FUN_80048c20	616	1	0
0x80048e88	FUN_80048e88	368	1	4
0x80049008	FUN_80049008	1316	1	0
0x80049534	FUN_80049534	372	1	1
0x800496a8	FUN_800496a8	892	1	4
0x80049a24	FUN_80049a24	996	1	5
0x80049e30	FUN_80049e30	276	1	4
0x80049f54	FUN_80049f54	388	0	2
0x8004a108	FUN_8004a108	1040	6	0
0x8004a518	FUN_8004a518	288	1	0
0x8004a638	FUN_8004a638	728	17	2
0x8004a910	FUN_8004a910	108	2	2
0x8004a97c	FUN_8004a97c	108	5	2
0x8004a9e8	FUN_8004a9e8	92	3	1
0x8004aa44	FUN_8004aa44	88	1	1
0x8004aa9c	FUN_8004aa9c	624	3	2
0x8004ad0c	FUN_8004ad0c	116	3	1
0x8004ad80	FUN_8004ad80	676	1	1
0x8004b024	FUN_8004b024	116	1	1
0x8004b098	FUN_8004b098	676	0	9
0x8004b33c	FUN_8004b33c	148	1	1
0x8004b3d0	FUN_8004b3d0	212	1	0
0x8004b4a4	FUN_8004b4a4	264	2	0
0x8004b5ac	FUN_8004b5ac	216	1	0
0x8004b68c	FUN_8004b68c	484	1	6
0x8004b8a0	FUN_8004b8a0	300	1	2
0x8004b9cc	FUN_8004b9cc	420	1	5
0x8004bb70	FUN_8004bb70	460	1	2
0x8004bd3c	FUN_8004bd3c	532	1	3
0x8004bf50	FUN_8004bf50	584	2	2
0x8004c198	FUN_8004c198	272	0	5
0x8004c2a8	FUN_8004c2a8	88	1	1
0x8004c300	FUN_8004c300	216	1	0
0x8004c3e0	FUN_8004c3e0	1052	1	3
0x8004c7fc	FUN_8004c7fc	464	1	1
0x8004c9cc	FUN_8004c9cc	136	1	1
0x8004ca54	FUN_8004ca54	208	1	2
0x8004cb24	FUN_8004cb24	320	1	4
0x8004cc64	FUN_8004cc64	288	1	4
0x8004cd84	FUN_8004cd84	284	1	1
0x8004cea0	FUN_8004cea0	604	0	6
0x8004d0fc	FUN_8004d0fc	552	1	0
0x8004d32c	FUN_8004d32c	584	1	4
0x8004d574	FUN_8004d574	288	1	3
0x8004d694	FUN_8004d694	864	1	5
0x8004d9f4	FUN_8004d9f4	1180	1	6
0x8004de90	FUN_8004de90	308	1	1
0x8004dfc4	FUN_8004dfc4	324	1	4
0x8004e108	AddSlotGaugeContribution	1144	2	0
0x8004e580	FUN_8004e580	80	2	0
0x8004e5d0	FUN_8004e5d0	392	1	0
0x8004e758	FUN_8004e758	1776	2	8
0x8004ee48	FUN_8004ee48	1292	1	3
0x8004fa8c	FUN_8004fa8c	368	0	0
0x8004fbfc	FUN_8004fbfc	296	0	1
0x8004fd24	FUN_8004fd24	712	5	2
0x8004ffec	FUN_8004ffec	460	1	1
0x800501b8	FUN_800501b8	860	0	10
0x80050514	FUN_80050514	324	0	7
0x80050658	FUN_80050658	180	0	5
0x8005070c	FUN_8005070c	196	0	6
0x800507d0	FUN_800507d0	84	0	2
0x80050824	FUN_80050824	496	0	8
0x80050a14	FUN_80050a14	208	0	0
0x800511a8	FUN_800511a8	292	1	1
0x800512cc	FUN_800512cc	1164	1	2
0x80051758	FUN_80051758	136	1	6
0x80052db4	FUN_80052db4	1404	5	12
0x80053330	FUN_80053330	540	13	1
0x8005354c	FUN_8005354c	220	4	1
0x80053628	FUN_80053628	484	1	1
0x80053840	FUN_80053840	304	0	1
0x80053970	FUN_80053970	96	5	0
0x800539d0	FUN_800539d0	272	3	0
0x80055c6c	FUN_80055c6c	340	1	0
0x80055dc0	FUN_80055dc0	60	1	2
0x80055dfc	FUN_80055dfc	64	0	0
0x80055e3c	FUN_80055e3c	164	0	4
0x80055ee0	FUN_80055ee0	180	1	3
0x80055f94	RunBattleRound	6476	1	8
0x800578e0	FUN_800578e0	352	1	8
0x80057a40	FUN_80057a40	60	1	2
0x80057a7c	FUN_80057a7c	1700	1	0
0x80058120	FUN_80058120	536	1	0
0x80058338	FUN_80058338	2440	1	0
0x800594b4	FUN_800594b4	2528	1	4
0x80059e94	InitCentralGaugeBar	624	1	4
0x8005a104	FUN_8005a104	1196	1	3
0x8005a5b0	RunBattleManagerFrame	8500	3	5
0x8005c6e4	UpdateCentralGaugeBar	1276	3	2
0x8005cbe0	FUN_8005cbe0	920	1	6
0x8005cf78	FUN_8005cf78	40	1	0
0x8005d1f4	FUN_8005d1f4	8	1	0
0x8005d1fc	FUN_8005d1fc	96	0	2
0x8005d25c	FUN_8005d25c	2076	1	37
0x8005da78	FUN_8005da78	1908	2	15
0x8005e1ec	FUN_8005e1ec	1696	1	17
0x8005ec4c	FUN_8005ec4c	32	1	0
0x8005ec8c	FUN_8005ec8c	104	1	0
0x8005ecf4	FUN_8005ecf4	52	1	0
0x8005ed28	FUN_8005ed28	36	2	0
0x8005ed70	FUN_8005ed70	236	2	0
0x8005ee5c	FUN_8005ee5c	196	2	0
0x8005ef20	FUN_8005ef20	328	5	3
0x8005f068	FUN_8005f068	1048	1	10
0x8005f480	FUN_8005f480	176	0	2
0x8005f530	FUN_8005f530	148	1	2
0x8005f5c4	FUN_8005f5c4	156	1	1
0x8005f660	FUN_8005f660	164	1	1
0x8005f704	SoundCdLoadStep	1176	3	10
0x8005fb9c	FUN_8005fb9c	336	0	3
0x8005fcec	FUN_8005fcec	176	3	1
0x8005fd9c	FUN_8005fd9c	448	1	3
0x8005ff5c	FUN_8005ff5c	340	1	1
0x800600b0	FUN_800600b0	112	4	0
0x80060120	FUN_80060120	12	3	0
0x8006012c	FUN_8006012c	24	0	0
0x80060144	FUN_80060144	408	0	1
0x800602dc	FUN_800602dc	136	1	0
0x80060364	FUN_80060364	276	1	8
0x80060478	FUN_80060478	260	1	3
0x800605d8	FUN_800605d8	324	0	2
0x8006071c	FUN_8006071c	720	1	1
0x800609ec	FUN_800609ec	96	0	1
0x80060a4c	DisableReverb	60	1	4
0x80060a88	FUN_80060a88	464	0	11
0x80060c58	FUN_80060c58	132	0	8
0x80060d18	FUN_80060d18	436	1	4
0x80060ecc	FUN_80060ecc	188	1	2
0x80060f88	FUN_80060f88	100	1	1
0x80060fec	FUN_80060fec	536	1	9
0x80061204	FUN_80061204	216	1	2
0x80061460	FUN_80061460	76	1	2
0x800615cc	FUN_800615cc	532	1	8
0x800617e0	SpuInit	32	0	1
0x80061800	FUN_80061800	608	2	1
0x80061a60	DecompressAndLoadImage	172	3	3
0x80061b0c	LoadImage_ReturnTPageOrClutId	204	11	1
0x80061bd8	FUN_80061bd8	372	1	4
0x80061d4c	FUN_80061d4c	76	4	2
0x80061d98	FUN_80061d98	248	2	5
0x80061ed8	FUN_80061ed8	68	2	1
0x80061f1c	RollAndUploadClutRange	404	1	2
0x800620b0	FUN_800620b0	132	0	6
0x80062134	main	1320	1	42
0x80062684	FUN_80062684	920	1	22
0x80062a1c	FUN_80062a1c	320	1	3
0x80062b5c	FUN_80062b5c	348	1	1
0x80062cb8	FUN_80062cb8	244	1	0
0x80062f54	FUN_80062f54	64	2	0
0x80062f94	FUN_80062f94	564	2	1
0x800631c8	FUN_800631c8	20	4	0
0x800632c4	_card_load	12	1	0
0x800632d4	_card_info	12	3	0
0x800632e4	_card_auto	12	1	0
0x800632f4	_card_clear	48	2	2
0x80063324	_card_write	12	1	0
0x80063334	InitCARD	12	1	0
0x80063344	StopCARD	12	1	0
0x80063354	StartCARD	12	1	0
0x80063364	_new_card	12	1	0
0x80063374	SpuSetVoiceAttr	40	3	1
0x8006339c	_SpuSetVoiceAttr	408	1	4
0x80063534	S_SVA_OBJ_1C0	328	1	1
0x8006367c	S_SVA_OBJ_308	128	1	1
0x800636fc	S_SVA_OBJ_388	256	1	1
0x800637fc	S_SVA_OBJ_488	8	0	0
0x80063804	S_SVA_OBJ_490	8	0	0
0x8006380c	S_SVA_OBJ_498	8	0	0
0x80063814	S_SVA_OBJ_4A0	8	0	0
0x8006381c	S_SVA_OBJ_4A8	8	0	0
0x80063824	S_SVA_OBJ_4B0	8	0	0
0x8006382c	S_SVA_OBJ_4B8	8	0	0
0x80063834	S_SVA_OBJ_4C0	8	0	0
0x8006383c	S_SVA_OBJ_4C8	48	0	1
0x8006386c	S_SVA_OBJ_4F8	100	1	0
0x800638d0	S_SVA_OBJ_55C	8	0	0
0x800638d8	S_SVA_OBJ_564	8	0	0
0x800638e0	S_SVA_OBJ_56C	8	0	0
0x800638e8	S_SVA_OBJ_574	8	0	0
0x800638f0	S_SVA_OBJ_57C	8	0	0
0x800638f8	S_SVA_OBJ_584	8	0	0
0x80063900	S_SVA_OBJ_58C	8	0	0
0x80063908	S_SVA_OBJ_594	8	0	0
0x80063910	S_SVA_OBJ_59C	48	0	1
0x80063940	S_SVA_OBJ_5CC	120	1	1
0x800639b8	S_SVA_OBJ_644	24	1	0
0x800639d0	S_SVA_OBJ_65C	52	1	0
0x80063a04	_SpuStCBPrepare	312	0	3
0x80063b3c	ST_OBJ_138	24	1	0
0x80063b54	_SpuStStartPrepare	204	1	2
0x80063c20	ST_OBJ_21C	200	1	2
0x80063ce8	ST_OBJ_2E4	28	1	0
0x80063d04	_SpuStSetTransferEnv	180	2	1
0x80063db8	ST_OBJ_3B4	348	1	2
0x80063f14	ST_OBJ_510	36	1	1
0x80063f38	_SpuStCB_IRQ	984	0	8
0x80064310	ST_OBJ_90C	56	1	2
0x80064348	ST_OBJ_944	36	1	0
0x8006436c	_SpuStCB_Transfer	492	0	2
0x80064558	ST_OBJ_B54	84	1	3
0x8006460c	ST_OBJ_C08	16	1	0
0x8006461c	_SpuStStart	140	1	2
0x800646a8	ST_OBJ_CA4	212	1	6
0x8006477c	ST_OBJ_D78	28	1	0
0x80064798	SpuStTransfer	120	1	3
0x80064810	ST_OBJ_E0C	16	1	0
0x80064820	SpuStInit	268	1	0
0x8006492c	SpuStQuit	284	1	0
0x80064a48	SpuStGetStatus	108	0	1
0x80064ab4	ST_OBJ_10B0	8	1	0
0x80064abc	SpuStGetVoiceStatus	16	0	0
0x80064acc	SpuStSetPreparationFinishedCallback	36	1	0
0x80064af0	SpuStSetTransferFinishedCallback	36	1	0
0x80064b14	SpuStSetStreamFinishedCallback	36	1	0
0x80064b38	_SpuStCB_IRQfinal	164	0	3
0x80064bdc	_spu_note2pitch	236	1	1
0x80064cc8	S_N2P_OBJ_EC	8	1	0
0x80064cd0	_spu_pitch2note	336	0	1
0x80064e20	S_N2P_OBJ_244	8	1	0
0x80064e28	SpuSetIRQCallback	68	3	1
0x80064e6c	_spu_reset	88	0	1
0x80064ec4	SPU_OBJ_58	56	1	0
0x80064efc	_spu_init	316	1	2
0x80065038	SPU_OBJ_1CC	1148	1	2
0x800654b4	_spu_setVoiceAttr	276	1	1
0x800655c8	SPU_OBJ_75C	116	1	0
0x8006563c	_spu_writeByIO	312	2	1
0x80065774	SPU_OBJ_908	160	1	2
0x80065814	SPU_OBJ_9A8	56	1	1
0x8006584c	SPU_OBJ_9E0	80	1	1
0x8006589c	SPU_OBJ_A30	192	1	2
0x8006595c	SPU_OBJ_AF0	36	1	0
0x80065980	_spu_FiDMA	80	0	1
0x800659d0	SPU_OBJ_B64	80	1	1
0x80065a20	SPU_OBJ_BB4	80	1	1
0x80065a70	SPU_OBJ_C04	172	1	2
0x80065b1c	SPU_OBJ_CB0	16	1	0
0x80065b2c	_spu_r_	172	0	1
0x80065bd8	SPU_OBJ_D6C	112	1	1
0x80065c48	SPU_OBJ_DDC	80	1	1
0x80065c98	SPU_OBJ_E2C	132	1	0
0x80065d1c	_spu_t	520	10	2
0x80065f24	SPU_OBJ_10B8	152	1	0
0x80065fbc	SPU_OBJ_1150	8	1	0
0x80065fc4	_spu_write	112	2	3
0x80066034	SPU_OBJ_11C8	24	1	0
0x8006604c	_spu_read	104	0	1
0x800660b4	_spu_FsetRXX	64	4	1
0x800660f4	SPU_OBJ_1288	8	1	0
0x800660fc	_spu_FsetRXXa	156	5	1
0x80066198	SPU_OBJ_132C	8	1	0
0x800661a0	_spu_FgetRXXa	52	0	1
0x800661d4	SPU_OBJ_1368	8	1	0
0x800661dc	_SpuCallback	36	1	1
0x80066200	_SpuInit	200	2	4
0x800662c8	SpuStart	132	1	5
0x8006634c	_SpuDataCallback	36	2	1
0x80066370	_SpuMallocSeparateTo3	112	1	1
0x800663e0	S_M_WSA_OBJ_70	28	1	1
0x800663fc	S_M_WSA_OBJ_8C	220	1	1
0x800664d8	S_M_WSA_OBJ_168	84	1	1
0x80066568	S_M_WSA_OBJ_1F8	168	0	1
0x800666a8	S_M_WSA_OBJ_338	4	1	0
0x800666ac	S_M_WSA_OBJ_33C	32	1	1
0x800666cc	SpuMallocWithStartAddr	76	1	1
0x80066718	S_M_WSA_OBJ_3A8	304	1	1
0x80066848	S_M_WSA_OBJ_4D8	16	1	1
0x80066878	S_M_WSA_OBJ_508	224	0	2
0x80066950	S_M_WSA_OBJ_5E0	12	1	1
0x8006695c	S_M_WSA_OBJ_5EC	12	1	1
0x80066968	S_M_WSA_OBJ_5F8	28	1	0
0x80066984	FUN_80066984	36	5	0
0x800669a8	SpuSetIRQAddr	48	2	2
0x800669d8	S_SIA_OBJ_30	16	1	0
0x800669e8	SpuIsTransferCompleted	136	2	3
0x80066a70	S_ITC_OBJ_88	8	1	0
0x80066a78	S_ITC_OBJ_90	24	1	0
0x80066a90	SpuSetTransferMode	28	3	1
0x80066aac	S_STM_OBJ_1C	24	1	0
0x80066ac4	SpuSetTransferStartAddr	60	3	1
0x80066b00	SpuSetIRQ	232	4	1
0x80066be8	S_SI_OBJ_E8	16	1	2
0x80066c20	S_SI_OBJ_120	16	1	0
0x80066c30	SpuWrite0	160	1	1
0x80066cd0	S_W0_OBJ_A0	160	1	2
0x80066d70	SpuSetKey	112	2	1
0x80066de0	S_SK_OBJ_70	8	1	0
0x80066de8	_spu_gcSPU	80	5	0
0x80066e38	S_M_INT_OBJ_50	112	0	1
0x80066ea8	S_M_INT_OBJ_C0	432	1	1
0x80067058	S_M_INT_OBJ_270	144	1	0
0x800670e8	SsVabTransBodyPartly	332	1	5
0x80067234	VS_VTBP_OBJ_14C	36	1	0
0x80067258	FUN_80067258	44	5	0
0x80067284	FUN_80067284	16	1	0
0x80067294	SpuWritePartly	140	1	2
0x80067320	FUN_80067320	636	1	1
0x8006759c	FUN_8006759c	1248	2	0
0x80067a7c	FUN_80067a7c	564	2	0
0x80067cb0	FUN_80067cb0	1220	2	0
0x8006831c	FUN_8006831c	188	1	0
0x800683d8	FUN_800683d8	256	2	0
0x80068858	FUN_80068858	908	1	0
0x80068d9c	FUN_80068d9c	896	1	0
0x8006911c	FUN_8006911c	1024	1	3
0x800696e8	FUN_800696e8	536	1	1
0x80069900	FUN_80069900	240	1	2
0x800699f0	FUN_800699f0	964	2	3
0x80069db4	FUN_80069db4	1216	1	7
0x8006a274	FUN_8006a274	504	2	0
0x8006a594	FUN_8006a594	376	13	0
0x8006a70c	FUN_8006a70c	112	5	0
0x8006a824	FUN_8006a824	320	3	0
0x8006a9d8	FUN_8006a9d8	84	1	1
0x8006aaf4	FUN_8006aaf4	964	3	1
0x8006b4a0	FUN_8006b4a0	1004	5	5
0x8006b88c	FUN_8006b88c	280	6	0
0x8006bcd0	FUN_8006bcd0	124	2	0
0x8006bdd8	FUN_8006bdd8	156	7	0
0x8006bf1c	FUN_8006bf1c	504	2	0
0x8006c114	SpuSetNoiseVoice	36	2	1
0x8006c138	SpuInitMalloc	76	1	1
0x8006c184	S_M_INIT_OBJ_4C	8	1	0
0x8006c18c	_SpuSetAnyVoice	160	1	1
0x8006c22c	S_SAV_OBJ_A0	20	1	0
0x8006c240	SsUtReverbOn	32	2	1
0x8006c260	SsUtReverbOff	32	4	1
0x8006c280	SsUtSetReverbType	80	2	1
0x8006c2d0	UT_REV_OBJ_90	60	1	3
0x8006c310	UT_REV_OBJ_D0	20	1	0
0x8006c324	SsUtGetReverbType	16	0	0
0x8006c334	SsUtSetReverbDepth	152	5	1
0x8006c3cc	SsUtSetReverbFeedback	64	3	1
0x8006c40c	SsUtSetReverbDelay	64	3	1
0x8006c44c	SpuSetReverbModeParam	364	4	4
0x8006c5b8	S_SRMP_OBJ_16C	16	1	0
0x8006c5c8	S_SRMP_OBJ_17C	296	1	1
0x8006c6f0	S_SRMP_OBJ_2A4	148	1	1
0x8006c784	S_SRMP_OBJ_338	68	1	1
0x8006c7d0	S_SRMP_OBJ_384	180	1	2
0x8006c884	S_SRMP_OBJ_438	36	1	0
0x8006c8a8	S_SRMP_OBJ_45C	128	1	3
0x8006c928	S_SRMP_OBJ_4DC	52	1	0
0x8006c95c	_spu_setReverbAttr	1232	1	0
0x8006ce2c	_SpuIsInAllocateArea	24	0	0
0x8006ce44	S_M_UTIL_OBJ_18	88	0	0
0x8006ce9c	_SpuIsInAllocateArea_	36	3	0
0x8006cec0	S_M_UTIL_OBJ_94	84	0	0
0x8006cf14	SpuClearReverbWorkArea	156	1	3
0x8006cfb0	S_CRWA_OBJ_9C	100	1	1
0x8006d014	S_CRWA_OBJ_100	120	1	2
0x8006d08c	S_CRWA_OBJ_178	40	1	0
0x8006d0b4	SpuSetReverb	176	3	3
0x8006d164	S_SR_OBJ_B0	4	1	0
0x8006d168	S_SR_OBJ_B4	28	1	0
0x8006d184	SsUtGetVBaddrInSB	80	1	1
0x8006d1d4	UT_GVBA_OBJ_50	8	1	0
0x8006d1dc	SpuVmVSetUp	204	8	1
0x8006d2a8	VM_VSU_OBJ_CC	8	1	0
0x8006d2b0	Snd_SetVol	56	0	1
0x8006d2e8	SsSeqSetVol	48	1	1
0x8006d318	SsSepSetVol	56	0	1
0x8006d350	_SsInit	56	2	4
0x8006d388	SSINIT_OBJ_38	284	1	2
0x8006d4a4	SsInit	32	1	1
0x8006d4c4	SsInitHot	32	0	1
0x8006d4e4	SsSetTableSize	480	1	0
0x8006d6c4	SsSetTickMode	56	1	1
0x8006d6fc	SSINIT_OBJ_3AC	60	1	0
0x8006d738	SSINIT_OBJ_3E8	48	0	1
0x8006d768	SSINIT_OBJ_418	60	0	1
0x8006d7a4	SSINIT_OBJ_454	20	0	1
0x8006d7b8	SSINIT_OBJ_468	20	0	1
0x8006d7cc	SSINIT_OBJ_47C	36	0	1
0x8006d7f0	SSINIT_OBJ_4A0	52	0	1
0x8006d824	SSINIT_OBJ_4D4	16	1	1
0x8006d83c	SSINIT_OBJ_4EC	8	6	0
0x8006d844	_SsStart	188	2	3
0x8006d900	SSINIT_OBJ_5B0	20	1	1
0x8006d914	SSINIT_OBJ_5C4	196	1	1
0x8006d9d8	SSINIT_OBJ_688	212	3	8
0x8006daac	SSINIT_OBJ_75C	16	1	2
0x8006dabc	SSINIT_OBJ_76C	24	1	0
0x8006dad4	SsStart	32	1	1
0x8006daf4	SsStart2	32	0	1
0x8006db14	SsEnd	140	1	4
0x8006dba0	SSINIT_OBJ_850	24	1	1
0x8006dbb8	SsQuit	32	1	1
0x8006dbd8	_SsTrapIntrVSync	52	0	1
0x8006dc0c	_SsSeqCalledTbyT_1per2	56	0	2
0x8006dc44	SSINIT_OBJ_8F4	16	1	0
0x8006dc54	FUN_8006dc54	32	1	1
0x8006dc74	FUN_8006dc74	32	1	1
0x8006dc94	FUN_8006dc94	124	1	5
0x8006dd10	Snd_SetReplayMode	164	2	0
0x8006ddb4	SsSeqReplay	40	1	1
0x8006dddc	Snd_play	44	0	1
0x8006de08	FUN_8006de08	20	1	0
0x8006de1c	FUN_8006de1c	16	1	0
0x8006de2c	SsSetReservedVoice	48	1	1
0x8006de5c	VS_SRV_OBJ_30	8	1	0
0x8006de64	FUN_8006de64	16	1	0
0x8006de74	SsVabOpenHead	52	1	1
0x8006dea8	SsVabOpenHeadSticky	52	4	1
0x8006dedc	SsVabFakeHead	52	0	1
0x8006df10	SsVabOpenHeadWithMode	276	3	5
0x8006e024	VS_VH_OBJ_1B0	16	1	0
0x8006e034	VS_VH_OBJ_1C0	524	1	2
0x8006e240	VS_VH_OBJ_3CC	40	1	2
0x8006e2ec	VS_VH_OBJ_478	148	0	0
0x8006e32c	VS_VH_OBJ_4B8	44	2	0
0x8006e358	SpuMalloc	84	1	1
0x8006e3ac	S_M_M_OBJ_54	216	1	2
0x8006e484	S_M_M_OBJ_12C	380	1	2
0x8006e600	S_M_M_OBJ_2A8	32	1	0
0x8006e620	SsSetMVol	80	2	1
0x8006e670	SpuSetCommonAttr	88	3	0
0x8006e6c8	S_SCA_OBJ_58	8	0	0
0x8006e6d0	S_SCA_OBJ_60	8	0	0
0x8006e6d8	S_SCA_OBJ_68	8	0	0
0x8006e6e0	S_SCA_OBJ_70	8	0	0
0x8006e6e8	S_SCA_OBJ_78	8	0	0
0x8006e6f0	S_SCA_OBJ_80	8	0	0
0x8006e6f8	S_SCA_OBJ_88	8	0	0
0x8006e700	S_SCA_OBJ_90	8	0	0
0x8006e708	S_SCA_OBJ_98	48	0	1
0x8006e738	S_SCA_OBJ_C8	92	1	0
0x8006e794	S_SCA_OBJ_124	8	0	0
0x8006e79c	S_SCA_OBJ_12C	8	0	0
0x8006e7a4	S_SCA_OBJ_134	8	0	0
0x8006e7ac	S_SCA_OBJ_13C	8	0	0
0x8006e7b4	S_SCA_OBJ_144	8	0	0
0x8006e7bc	S_SCA_OBJ_14C	8	0	0
0x8006e7c4	S_SCA_OBJ_154	8	0	0
0x8006e7cc	S_SCA_OBJ_15C	8	0	0
0x8006e7d4	S_SCA_OBJ_164	48	0	1
0x8006e804	S_SCA_OBJ_194	172	1	1
0x8006e8b0	S_SCA_OBJ_240	84	1	1
0x8006e904	S_SCA_OBJ_294	156	1	1
0x8006e9a0	S_SCA_OBJ_330	84	1	1
0x8006e9f4	S_SCA_OBJ_384	16	1	0
0x8006ea04	SsVabTransBody	176	4	5
0x8006eab4	VS_VTB_OBJ_B0	32	1	0
0x8006ead4	SpuRead	96	1	1
0x8006eb34	InitSoundSeq	464	1	3
0x8006ed04	SEQINIT_OBJ_1D0	312	1	2
0x8006ee3c	SEQINIT_OBJ_308	12	1	0
0x8006ee48	SEQINIT_OBJ_314	20	1	0
0x8006ee5c	SsSeqOpen	184	1	3
0x8006ef14	SEQINIT_OBJ_3E0	20	1	0
0x8006ef28	SeqPlay	240	1	3
0x8006f018	SEQREAD_OBJ_F0	4	1	0
0x8006f01c	SEQREAD_OBJ_F4	32	1	0
0x8006f03c	GetSeqData	556	1	7
0x8006f268	SEQREAD_OBJ_340	16	1	2
0x8006f2c0	SEQREAD_OBJ_398	8	1	1
0x8006f2c8	SEQREAD_OBJ_3A0	36	2	0
0x8006f2ec	NoteOn	256	1	3
0x8006f3ec	SEQREAD_OBJ_4C4	24	1	0
0x8006f404	SetProgramChange	124	1	1
0x8006f480	SetControlChange	168	1	0
0x8006f528	SEQREAD_OBJ_600	24	0	1
0x8006f540	SEQREAD_OBJ_618	32	0	2
0x8006f560	SEQREAD_OBJ_638	124	0	2
0x8006f5dc	SEQREAD_OBJ_6B4	124	0	2
0x8006f658	SEQREAD_OBJ_730	132	0	3
0x8006f6dc	SEQREAD_OBJ_7B4	44	0	3
0x8006f708	SEQREAD_OBJ_7E0	32	0	2
0x8006f728	SEQREAD_OBJ_800	20	0	2
0x8006f73c	SEQREAD_OBJ_814	32	0	2
0x8006f75c	SEQREAD_OBJ_834	32	0	2
0x8006f77c	SEQREAD_OBJ_854	32	0	2
0x8006f79c	SEQREAD_OBJ_874	32	0	2
0x8006f7bc	SEQREAD_OBJ_894	28	0	2
0x8006f7d8	SEQREAD_OBJ_8B0	4	0	0
0x8006f7dc	SEQREAD_OBJ_8B4	12	2	0
0x8006f7e8	SEQREAD_OBJ_8C0	12	4	1
0x8006f7f4	SEQREAD_OBJ_8CC	40	7	0
0x8006f81c	ContModulation	316	0	4
0x8006f958	ContPortaTime	316	0	4
0x8006fa94	ContPortamento	240	1	3
0x8006fb84	SEQREAD_OBJ_C5C	120	1	2
0x8006fbfc	ContResetAll	204	1	3
0x8006fcc8	ContNrpn1	176	1	1
0x8006fd78	SEQREAD_OBJ_E50	132	1	1
0x8006fdfc	ContNrpn2	268	1	4
0x8006ff08	SEQREAD_OBJ_FE0	28	1	0
0x8006ff24	SEQREAD_OBJ_FFC	12	1	1
0x8006ff30	SEQREAD_OBJ_1008	20	1	0
0x8006ff44	ContRpn1	124	1	1
0x8006ffc0	ContRpn2	124	1	1
0x8007003c	ContDataEntry	520	1	5
0x80070244	SEQREAD_OBJ_131C	176	1	3
0x800702f4	SEQREAD_OBJ_13CC	136	1	4
0x800705ac	SEQREAD_OBJ_1684	32	0	2
0x800705dc	SEQREAD_OBJ_16B4	12	1	1
0x800705e8	SEQREAD_OBJ_16C0	52	2	0
0x8007061c	Snd_setVabAttr	152	0	1
0x800706b4	SEQREAD_OBJ_178C	8	0	0
0x800706bc	SEQREAD_OBJ_1794	112	0	4
0x8007072c	SEQREAD_OBJ_1804	8	0	0
0x80070734	SEQREAD_OBJ_180C	4	0	0
0x80070738	SEQREAD_OBJ_1810	40	0	2
0x80070760	SEQREAD_OBJ_1838	68	0	1
0x800707a4	SEQREAD_OBJ_187C	12	0	1
0x800707b0	SEQREAD_OBJ_1888	16	0	1
0x800707c0	SEQREAD_OBJ_1898	8	0	0
0x800707c8	SEQREAD_OBJ_18A0	8	0	0
0x800707d0	SEQREAD_OBJ_18A8	12	0	1
0x800707dc	SEQREAD_OBJ_18B4	16	0	1
0x800707ec	SEQREAD_OBJ_18C4	12	0	1
0x800707f8	SEQREAD_OBJ_18D0	16	0	1
0x80070808	SEQREAD_OBJ_18E0	52	0	1
0x8007083c	SEQREAD_OBJ_1914	8	0	0
0x80070844	SEQREAD_OBJ_191C	4	0	0
0x80070848	SEQREAD_OBJ_1920	60	7	3
0x80070884	SEQREAD_OBJ_195C	16	0	2
0x80070894	SEQREAD_OBJ_196C	20	0	2
0x800708a8	SEQREAD_OBJ_1980	16	0	2
0x800708b8	SEQREAD_OBJ_1990	8	0	1
0x800708c0	SEQREAD_OBJ_1998	40	6	0
0x800708e8	SetPitchBend	176	1	2
0x80070998	GetMetaEvent	480	1	1
0x80070b78	SEQREAD_OBJ_1C50	28	1	2
0x80070cd0	SEQREAD_OBJ_1DA8	28	1	0
0x80070cec	ReadDeltaValue	180	18	1
0x80070da0	SEQREAD_OBJ_1E78	8	1	0
0x80070da8	_SsUtResolveADSR	92	1	0
0x80070e04	_SsUtBuildADSR	140	1	0
0x80070e90	Snd_nextsep	256	0	0
0x80070f90	SsUtGetVagAtr	552	7	2
0x800711b8	UT_GVA_OBJ_228	24	1	0
0x800711d0	SsUtSetVagAtr	436	9	2
0x80071384	UT_SVA_OBJ_1B4	24	1	0
0x8007139c	FUN_8007139c	20	1	0
0x800713b0	SsUtGetProgAtr	244	4	2
0x800714a4	UT_GPA_OBJ_F4	24	1	0
0x800714bc	FUN_800714bc	16	2	0
0x800714cc	Snd_SetPlayMode	240	2	2
0x800715bc	SSPLAY_OBJ_F0	16	1	0
0x800715cc	SsSeqPlay	56	1	1
0x80071604	SsSepPlay	56	0	1
0x8007163c	SsPlayBack	196	0	1
0x80071700	SsSetSerialVol	352	2	1
0x80071860	SsVabTransCompleted	44	4	1
0x8007188c	Snd_stop	364	3	1
0x800719f8	SsSeqStop	40	1	1
0x80071a20	SsSepStop	44	0	1
0x80071a4c	SsSeqCalledTbyT	628	2	8
0x80071cc0	Snd_decrescendo	484	1	4
0x80071ea4	DECRE_OBJ_1E4	8	1	0
0x80072008	DECRE_OBJ_348	16	0	2
0x80072030	DECRE_OBJ_370	92	1	2
0x800720a0	DECRE_OBJ_3E0	36	1	1
0x800720c4	DECRE_OBJ_404	172	2	1
0x80072170	Snd_replay	104	1	0
0x800721d8	FUN_800721d8	44	1	1
0x80072204	Snd_crescendo	496	1	4
0x800723f4	CRES_OBJ_1F0	8	1	0
0x80072414	CRES_OBJ_210	76	1	2
0x80072474	CRES_OBJ_270	40	1	2
0x80072634	CRES_OBJ_430	16	0	2
0x800726ac	CRES_OBJ_4A8	20	0	1
0x800726c0	CRES_OBJ_4BC	16	1	0
0x800726d0	CRES_OBJ_4CC	176	2	1
0x80072780	Snd_pause	160	1	1
0x80072820	Snd_nextpause	100	0	0
0x80072884	Snd_tempo	224	1	2
0x80072964	TEMPO_OBJ_E0	12	1	0
0x80072970	TEMPO_OBJ_EC	244	1	0
0x80072a64	SsVabClose	144	5	1
0x80072af4	SsVabOpen	92	0	2
0x80072b50	SpuFree	100	1	1
0x80072bb4	S_M_F_OBJ_64	24	1	1
0x80072bcc	seq_close	380	2	2
0x80072d48	SsSetNck	36	2	1
0x80072d6c	SsSepClose	36	0	1
0x80072d90	Snd_SetPauseMode	216	2	1
0x80072e68	SsSeqPause	40	1	1
0x80072e90	SsSepPause	44	0	1
0x80072ebc	SsSetSerialAttr	148	2	1
0x80072f50	start	168	0	2
0x80072ff8	__main	112	1	0
0x80073068	__do_global_dtors	104	0	0
0x800730d0	CdStatus	16	0	0
0x800730e0	CdLastCom	16	0	0
0x800730f0	CdReset	88	1	4
0x80073148	SYS_OBJ_78	20	1	0
0x8007315c	CdFlush	32	0	1
0x8007317c	CdSetDebug	24	0	0
0x80073194	CdComstr	48	0	1
0x800731c4	SYS_OBJ_F4	8	1	0
0x800731cc	CdIntstr	48	0	1
0x800731fc	SYS_OBJ_12C	8	1	0
0x80073204	CdSync	32	9	1
0x80073224	CdReady	32	1	1
0x80073244	CdSyncCallback	24	2	0
0x8007325c	CdReadyCallback	24	1	0
0x80073274	CdReadCallback	24	1	0
0x8007328c	CdControl	256	10	3
0x8007338c	SYS_OBJ_2BC	72	1	0
0x800733d4	CdControlF	248	0	3
0x800734cc	SYS_OBJ_3FC	68	1	0
0x80073510	CdControlB	248	3	3
0x80073608	SYS_OBJ_538	48	1	2
0x80073638	SYS_OBJ_568	44	1	0
0x80073664	CdMix	36	3	1
0x80073688	CdGetSector	36	0	1
0x800736ac	CdDataCallback	36	0	1
0x800736d0	CdDataSync	32	0	1
0x800736f0	CdReadSync	32	9	1
0x80073710	CdRead	92	8	2
0x8007376c	SYS_OBJ_69C	36	1	0
0x80073790	CdIntToPos	260	10	0
0x80073894	CdPosToInt	128	8	0
0x80073914	getintr	232	5	1
0x800739fc	BIOS_OBJ_E8	380	1	1
0x80073b78	BIOS_OBJ_264	260	0	1
0x80073c7c	BIOS_OBJ_368	76	0	1
0x80073cc8	BIOS_OBJ_3B4	76	0	1
0x80073d14	BIOS_OBJ_400	136	0	1
0x80073d9c	BIOS_OBJ_488	136	0	1
0x80073e38	BIOS_OBJ_524	24	5	0
0x80073e50	CD_sync	288	5	4
0x80073f70	BIOS_OBJ_65C	48	1	1
0x80073fa0	BIOS_OBJ_68C	248	0	2
0x80074098	BIOS_OBJ_784	44	1	0
0x800740c4	CD_ready	296	1	4
0x800741ec	BIOS_OBJ_8D8	48	1	1
0x8007421c	BIOS_OBJ_908	312	0	2
0x80074354	BIOS_OBJ_A40	48	1	0
0x80074384	CD_cw	784	9	6
0x80074694	BIOS_OBJ_D80	48	1	1
0x800746c4	BIOS_OBJ_DB0	236	0	1
0x800747b0	BIOS_OBJ_E9C	40	1	0
0x800747d8	CD_vol	136	1	0
0x80074860	CD_shell	152	3	3
0x800748f8	CD_flush	224	6	0
0x800749d8	CD_initvol	244	1	0
0x80074acc	CD_initintr	104	1	2
0x80074b34	CD_init	596	1	6
0x80074d88	cd_read_retry	368	3	4
0x80074ef8	BIOS_OBJ_15E4	308	1	3
0x8007502c	BIOS_OBJ_1718	40	1	0
0x80075054	CD_readm	92	1	2
0x800750b0	BIOS_OBJ_179C	12	1	0
0x800750bc	BIOS_OBJ_17A8	144	1	3
0x8007514c	CD_readsync	300	1	4
0x80075278	BIOS_OBJ_1964	48	1	1
0x800752a8	BIOS_OBJ_1994	332	0	4
0x800753f4	CD_datasync	268	2	4
0x80075500	BIOS_OBJ_1BEC	80	1	0
0x80075550	CD_getsector	224	2	0
0x80075630	CD_set_test_parmnum	16	0	0
0x80075640	callback	44	0	0
0x8007566c	BIOS_OBJ_1D58	180	0	1
0x80075720	cb_read	152	0	2
0x800757b8	BIOS_OBJ_1EA4	212	1	3
0x8007588c	CdInit	124	1	6
0x80075908	EVENT_OBJ_7C	20	1	0
0x8007591c	def_cbsync	40	0	1
0x80075944	def_cbready	40	0	1
0x8007596c	def_cbread	40	0	1
0x80075994	CdSearchFile	272	3	4
0x80075aa4	ISO9660_OBJ_110	420	1	5
0x80075c48	ISO9660_OBJ_2B4	12	1	1
0x80075c54	ISO9660_OBJ_2C0	40	2	0
0x80075c7c	_cmp	36	1	1
0x80075ca0	CD_newmedia	716	1	5
0x80075f6c	ISO9660_OBJ_5D8	40	1	0
0x80075f94	CD_searchdir	136	1	2
0x8007601c	ISO9660_OBJ_688	36	1	0
0x80076040	CD_cachefile	384	1	6
0x800761c0	ISO9660_OBJ_82C	28	1	1
0x800761dc	ISO9660_OBJ_848	244	1	1
0x800762d0	ISO9660_OBJ_93C	44	1	0
0x800762fc	cd_read	108	2	4
0x80076368	memcpy	52	2	0
0x8007639c	CdGetToc	36	1	1
0x800763c0	CdGetToc2	508	1	4
0x800765bc	TOC_OBJ_220	40	1	0
0x800765e4	RotMatrixY	100	1	1
0x80076648	FGO_05_OBJ_64	308	1	0
0x80076784	CompMatrix	352	4	0
0x800768e4	MulMatrix0	268	0	0
0x800769f0	MulRotMatrix0	228	0	0
0x80076ad4	MulRotMatrix	232	0	0
0x80076bbc	SetMulMatrix	272	0	0
0x80076ccc	ApplyMatrixLV	340	0	0
0x80076e2c	ApplyRotMatrix	48	0	1
0x80076e5c	ScaleMatrixL	292	0	0
0x80076f80	PushMatrix	160	10	1
0x80077020	PopMatrix	160	10	1
0x800770c0	ReadRotMatrix	72	4	0
0x80077108	ReadLightMatrix	72	0	0
0x80077150	ReadColorMatrix	72	0	0
0x800771a4	RotAverageNclip3	136	0	3
0x80077234	RotAverageNclip4	176	0	5
0x800772e4	RotAverage3	88	1	3
0x80077344	RotAverage4	124	5	5
0x800773c4	TransposeMatrix	80	0	0
0x80077414	ratan2	188	3	2
0x800774d0	RATAN_OBJ_BC	24	1	1
0x80077560	RATAN_OBJ_14C	24	0	0
0x80077578	RATAN_OBJ_164	28	1	0
0x80077594	RATAN_OBJ_180	8	1	0
0x8007759c	SetVertex0	16	0	1
0x800775ac	SetVertex1	16	0	1
0x800775bc	SetVertex2	16	0	1
0x800775cc	SetVertexTri	32	0	1
0x800775ec	SetRGBfifo	20	0	0
0x80077600	SetIR123	20	0	0
0x80077614	SetIR0	12	0	0
0x80077620	SetBackColor	32	1	0
0x80077640	SetFarColor	32	1	0
0x80077660	SetSZfifo3	20	0	0
0x80077674	SetSZfifo4	24	0	0
0x8007768c	SetSXSYfifo	20	0	0
0x800776a0	SetRii	20	0	0
0x800776b4	SetMAC123	20	0	0
0x800776c8	SetData32	12	0	0
0x800776d4	SetGeomOffset	24	2	0
0x800776ec	SetGeomScreen	12	1	0
0x800776f8	SetDQA	12	0	0
0x80077704	SetDQB	12	0	0
0x8007771c	SquareRoot0	124	5	0
0x800777a0	SquareRoot12	140	0	0
0x8007783c	MulMatrix	268	0	0
0x80077948	MulMatrix2	268	0	0
0x80077a54	ApplyMatrix	80	0	2
0x80077aa4	ApplyMatrixSV	92	0	1
0x80077b00	TransMatrix	36	3	0
0x80077b24	ScaleMatrix	292	4	0
0x80077c48	SetRotMatrix	48	11	0
0x80077c78	SetLightMatrix	48	1	0
0x80077ca8	SetColorMatrix	48	1	0
0x80077cd8	SetTransMatrix	32	10	0
0x80077cfc	RotTransPers	44	1	3
0x80077d28	RotTransPers3	84	0	3
0x80077d7c	RotTrans	40	8	2
0x80077da4	LocalLight	36	0	2
0x80077dc8	DpqColor	28	0	2
0x80077de4	NormalColor	28	0	2
0x80077e00	NormalColor3	60	0	2
0x80077e3c	NormalColorDpq	36	0	3
0x80077e60	NormalColorDpq3	72	0	3
0x80077ea8	NormalColorCol	32	0	3
0x80077ec8	NormalColorCol3	68	0	3
0x80077f0c	ColorDpq	40	0	3
0x80077f34	ColorCol	36	0	3
0x80077f58	NormalClip	36	0	0
0x80077f7c	NormalClipS	16	0	0
0x80077f8c	AverageSZ3	16	0	0
0x80077f9c	AverageSZ4	16	0	0
0x80077fac	InitGeom	128	1	1
0x8007802c	_patch_gte	104	1	3
0x800780cc	RotMatrix	100	10	1
0x80078130	FGO_01_OBJ_64	104	1	1
0x80078198	FGO_01_OBJ_CC	148	1	1
0x8007822c	FGO_01_OBJ_160	300	1	0
0x8007835c	RotMatrixZYX_C	376	0	2
0x800784d4	RotMatrix_C	384	0	2
0x80078654	RotMatrixYXZ_C	376	0	2
0x800787cc	RotMatrixX_C	372	0	2
0x80078940	RotMatrixY_C	372	0	2
0x80078ab4	RotMatrixZ_C	372	0	2
0x80078c28	rsin	44	7	2
0x80078c54	GEO_OBJ_8F8	16	1	0
0x80078c64	sin_1	152	1	1
0x80078cfc	GEO_OBJ_9A0	8	1	0
0x80078d04	rcos	168	7	1
0x80078dac	GEO_OBJ_A50	8	1	0
0x80078db4	EigenMatrix	624	0	0
0x80079024	GEO_OBJ_CC8	32	0	1
0x80079044	GEO_OBJ_CE8	20	0	1
0x80079058	GEO_OBJ_CFC	12	0	0
0x80079064	GEO_OBJ_D08	16	1	0
0x80079074	GEO_OBJ_D18	232	1	2
0x8007915c	IsIdMatrix	208	0	0
0x8007922c	MatrixNormal_0	288	0	2
0x8007934c	MatrixNormal_1	288	0	2
0x8007946c	MatrixNormal_2	288	0	2
0x8007958c	InvSquareRoot	132	0	0
0x80079618	VectorNormalS	20	0	0
0x8007962c	VectorNormal	44	4	1
0x80079658	VectorNormalSS	48	0	1
0x80079688	MSC02_OBJ_FC	188	3	0
0x80079744	MatrixNormal	228	0	1
0x8007982c	LightColor	40	0	2
0x80079854	DpqColorLight	40	0	3
0x8007987c	DpqColor3	60	0	2
0x800798b8	Intpl	36	0	2
0x800798dc	Square12	40	0	2
0x80079904	Square0	40	0	2
0x8007992c	AverageZ3	32	0	0
0x8007994c	AverageZ4	36	0	0
0x80079970	OuterProduct12	88	4	2
0x800799c8	OuterProduct0	88	0	2
0x80079a20	Lzc	24	0	0
0x80079a3c	srand	12	1	0
0x80079a4c	bcopy	12	0	0
0x80079a5c	bzero	12	1	0
0x80079a6c	memset	12	3	0
0x80079a7c	strcat	12	4	0
0x80079a8c	printf	12	46	0
0x80079a9c	strcmp	12	1	0
0x80079aac	memmove	136	1	0
0x80079b3c	strncmp	12	2	0
0x80079b4c	rand	12	19	0
0x80079b5c	PadInit	96	1	3
0x80079bbc	PadRead	48	1	1
0x80079bec	PadStop	32	1	1
0x80079c24	FUN_80079c24	16	4	0
0x80079c34	ResetCallback	48	7	1
0x80079c64	InterruptCallback	48	8	1
0x80079c94	DMACallback	48	5	0
0x80079cc4	VSyncCallback	52	3	0
0x80079cf8	VSyncCallbacks	48	0	0
0x80079d28	StopCallback	48	1	1
0x80079d58	RestartCallback	48	0	1
0x80079d88	CheckCallback	16	4	0
0x80079d98	GetIntrMask	24	0	0
0x80079db0	SetIntrMask	28	7	0
0x80079dcc	startIntr	220	1	8
0x80079ea8	trapIntr	436	1	3
0x8007a05c	INTR_OBJ_428	52	1	1
0x8007a090	setIntr	184	1	1
0x8007a148	INTR_OBJ_514	156	1	2
0x8007a1e4	stopIntr	176	1	2
0x8007a294	restartIntr	116	1	3
0x8007a308	INTR_OBJ_6D4	20	1	0
0x8007a31c	memclr	44	1	0
0x8007a348	setjmp	12	1	0
0x8007a358	startIntrDMA	80	1	2
0x8007a3a8	trapIntrDMA	388	0	1
0x8007a52c	setIntrDMA	160	0	1
0x8007a5cc	INTR_DMA_OBJ_274	8	1	0
0x8007a5d4	memclr	44	1	0
0x8007a600	startIntrVSync	88	1	2
0x8007a658	trapIntrVSync	124	0	0
0x8007a6d4	setIntrVSync	44	0	0
0x8007a700	memclr	44	1	0
0x8007a72c	VSync	132	17	2
0x8007a7b0	VSYNC_OBJ_84	172	1	1
0x8007a85c	VSYNC_OBJ_130	24	1	0
0x8007a874	v_wait	140	1	4
0x8007a900	VSYNC_OBJ_1D4	16	1	0
0x8007a910	puts	12	1	0
0x8007a920	CloseEvent	12	2	0
0x8007a930	PAD_dr	12	1	0
0x8007a940	FUN_8007a940	16	9	0
0x8007a950	lseek	12	3	0
0x8007a960	close	12	4	0
0x8007a970	write	12	2	0
0x8007a980	EnableEvent	12	2	0
0x8007a990	StopPAD	12	1	0
0x8007a9a0	format	12	1	0
0x8007a9b0	SetRCnt	116	1	2
0x8007aa24	COUNTER_OBJ_74	32	1	0
0x8007aa44	COUNTER_OBJ_94	8	1	0
0x8007aa4c	GetRCnt	48	0	1
0x8007aa7c	COUNTER_OBJ_CC	8	1	0
0x8007aa84	StartRCnt	48	1	0
0x8007aab4	StopRCnt	52	1	0
0x8007aae8	ResetRCnt	44	1	1
0x8007ab14	COUNTER_OBJ_164	8	1	0
0x8007ab20	DisableEvent	12	2	0
0x8007ab30	DeliverEvent	12	4	0
0x8007ab40	HookEntryInt	12	2	0
0x8007ab50	_96_init	12	1	0
0x8007ab60	StartPAD	12	1	0
0x8007ab70	PAD_init	12	1	0
0x8007ab80	LoadExec	12	1	0
0x8007ab90	ChangeClearPAD	12	5	0
0x8007aba0	ResetEntryInt	12	1	0
0x8007abb0	_bu_init	12	1	0
0x8007abc0	nextfile	12	1	0
0x8007abd0	OpenEvent	12	2	0
0x8007abe0	read	12	1	0
0x8007abf0	WaitEvent	12	2	0
0x8007ac00	TestEvent	12	5	0
0x8007ac10	FUN_8007ac10	16	10	0
0x8007ac20	ChangeClearRCnt	12	2	0
0x8007ac30	open	12	4	0
0x8007ac40	_96_remove	12	1	0
0x8007ac50	firstfile	12	2	0
0x8007ac60	ReturnFromException	12	2	0
0x8007ac70	FlushCache	12	1	0
0x8007ac80	GetTPage	164	1	2
0x8007ad24	PRIM_OBJ_A4	36	1	0
0x8007ad48	GetClut	24	2	0
0x8007ad60	DumpTPage	188	0	3
0x8007ae1c	PRIM_OBJ_19C	20	1	0
0x8007ae30	DumpClut	64	0	1
0x8007ae70	NextPrim	28	0	0
0x8007ae8c	IsEndPrim	28	0	0
0x8007aea8	AddPrim	60	12	0
0x8007aee4	AddPrims	60	0	0
0x8007af20	CatPrim	36	0	0
0x8007af44	TermPrim	24	1	0
0x8007af5c	SetSemiTrans	32	14	1
0x8007af7c	PRIM_OBJ_2FC	8	1	0
0x8007af84	SetShadeTex	32	8	1
0x8007afa4	PRIM_OBJ_324	8	1	0
0x8007afac	SetPolyF3	20	1	0
0x8007afc0	SetPolyFT3	20	1	0
0x8007afd4	SetPolyG3	20	1	0
0x8007afe8	SetPolyGT3	20	2	0
0x8007affc	SetPolyF4	20	2	0
0x8007b010	SetPolyFT4	20	9	0
0x8007b024	SetPolyG4	20	1	0
0x8007b038	SetPolyGT4	20	3	0
0x8007b04c	SetSprt8	20	1	0
0x8007b060	SetSprt16	20	0	0
0x8007b074	SetSprt	20	0	0
0x8007b088	SetTile1	20	0	0
0x8007b09c	SetTile8	20	0	0
0x8007b0b0	SetTile16	20	0	0
0x8007b0c4	SetTile	20	1	0
0x8007b0d8	SetLineF2	20	0	0
0x8007b0ec	SetLineG2	20	0	0
0x8007b100	SetLineF3	32	0	0
0x8007b120	SetLineG3	32	0	0
0x8007b140	SetLineF4	32	0	0
0x8007b160	SetLineG4	32	0	0
0x8007b180	SetBlockFill	20	0	0
0x8007b194	SetDrawMove	28	0	0
0x8007b1b0	MargePrim	44	0	1
0x8007b1dc	PRIM_OBJ_55C	8	1	0
0x8007b1e4	DumpDrawEnv	364	0	3
0x8007b350	PRIM_OBJ_6D0	20	1	0
0x8007b364	DumpDispEnv	172	0	1
0x8007b410	ResetGraph	324	2	6
0x8007b554	SYS_OBJ_144	24	1	0
0x8007b56c	SetGraphReverse	140	0	3
0x8007b5f8	SYS_OBJ_1E8	136	1	1
0x8007b680	SetGraphDebug	108	0	1
0x8007b6ec	SetGraphQueue	172	0	3
0x8007b798	GetGraphType	16	5	0
0x8007b7a8	GetGraphDebug	16	0	0
0x8007b7b8	DrawSyncCallback	92	0	1
0x8007b814	SetDispMask	156	4	3
0x8007b8b0	DrawSync	108	5	2
0x8007b91c	checkRECT	216	4	2
0x8007b9f4	SYS_OBJ_5E4	60	1	1
0x8007ba30	SYS_OBJ_620	20	1	0
0x8007ba44	ClearImage	148	1	2
0x8007bad8	LoadImage	100	5	2
0x8007bb3c	StoreImage	100	0	2
0x8007bba0	MoveImage	168	0	3
0x8007bc48	SYS_OBJ_838	28	1	0
0x8007bc64	ClearOTag	184	2	1
0x8007bd1c	ClearOTagR	152	0	2
0x8007bdb4	DrawPrim	96	0	2
0x8007be14	DrawOTag	116	3	2
0x8007be88	PutDrawEnv	196	2	4
0x8007bf4c	GetDrawEnv	56	0	1
0x8007bf84	PutDispEnv	176	2	3
0x8007c034	SYS_OBJ_C24	168	1	3
0x8007c0dc	SYS_OBJ_CCC	172	1	1
0x8007c188	SYS_OBJ_D78	92	1	1
0x8007c1e4	SYS_OBJ_DD4	336	1	3
0x8007c334	SYS_OBJ_F24	116	1	2
0x8007c3a8	GetDispEnv	56	0	1
0x8007c3e0	GetODE	52	0	1
0x8007c414	SetTexWindow	60	0	1
0x8007c450	SetDrawArea	132	0	2
0x8007c4d4	SetDrawOffset	68	0	1
0x8007c518	SetPriority	40	0	0
0x8007c540	SetDrawMode	88	1	2
0x8007c598	SetDrawEnv	360	1	6
0x8007c700	SYS_OBJ_12F0	284	1	1
0x8007c81c	SYS_OBJ_140C	32	1	0
0x8007c83c	get_mode	84	2	1
0x8007c890	SYS_OBJ_1480	8	1	0
0x8007c898	get_cs	188	2	1
0x8007c954	SYS_OBJ_1544	16	1	0
0x8007c964	get_ce	188	2	1
0x8007ca20	SYS_OBJ_1610	16	1	0
0x8007ca30	get_ofs	56	2	1
0x8007ca68	SYS_OBJ_1658	16	1	0
0x8007ca78	get_tw	120	3	1
0x8007caf0	SYS_OBJ_16E0	12	1	0
0x8007cafc	get_dx	76	1	1
0x8007cb48	SYS_OBJ_1738	12	0	1
0x8007cbac	SYS_OBJ_179C	4	1	0
0x8007cbb0	SYS_OBJ_17A0	8	1	0
0x8007cbb8	_status	24	1	0
0x8007cbd0	_otc	232	1	2
0x8007ccb8	_clr	92	0	1
0x8007cd14	SYS_OBJ_1904	68	1	1
0x8007cd58	SYS_OBJ_1948	340	1	2
0x8007ceac	SYS_OBJ_1A9C	44	1	1
0x8007ced8	_dws	116	0	2
0x8007cf4c	SYS_OBJ_1B3C	72	1	1
0x8007cf94	SYS_OBJ_1B84	376	1	2
0x8007d10c	SYS_OBJ_1CFC	40	1	0
0x8007d134	_drs	176	0	2
0x8007d1e4	SYS_OBJ_1DD4	456	1	2
0x8007d3ac	SYS_OBJ_1F9C	36	1	0
0x8007d3d0	_ctl	44	5	0
0x8007d3fc	_getctl	24	1	0
0x8007d414	_cwb	80	1	0
0x8007d464	_cwc	76	1	0
0x8007d4b0	_param	48	1	0
0x8007d4e0	_addque	36	0	1
0x8007d504	_addque2	76	7	4
0x8007d550	SYS_OBJ_2140	280	1	3
0x8007d668	SYS_OBJ_2258	156	0	1
0x8007d72c	SYS_OBJ_231C	160	1	3
0x8007d7cc	SYS_OBJ_23BC	20	1	1
0x8007d7e0	SYS_OBJ_23D0	32	1	0
0x8007d800	_exeque	788	3	2
0x8007db14	_reset	260	2	3
0x8007dc18	SYS_OBJ_2808	56	1	2
0x8007dc50	_sync	32	2	2
0x8007dc70	SYS_OBJ_2860	24	1	2
0x8007dc88	SYS_OBJ_2878	124	1	3
0x8007dd84	SYS_OBJ_2974	20	1	0
0x8007dd98	set_alarm	52	5	1
0x8007ddcc	get_alarm	348	6	4
0x8007df28	SYS_OBJ_2B18	16	1	0
0x8007df38	_version	216	1	1
0x8007e010	SYS_OBJ_2C00	8	1	0
0x8007e018	memset	44	3	0
0x8007e044	memcpy	12	4	0
0x8007e054	GPU_cw	12	1	0
0x8007e064	SetDumpFnt	64	0	0
0x8007e0a4	FntLoad	164	1	3
0x8007e148	FntOpen	676	1	5
0x8007e3ec	FONT_OBJ_388	48	1	0
0x8007e41c	FntFlush	416	0	5
0x8007e5bc	FONT_OBJ_558	48	1	1
0x8007e5ec	FONT_OBJ_588	100	1	1
0x8007e650	FONT_OBJ_5EC	24	1	0
0x8007e668	FONT_OBJ_604	168	1	2
0x8007e710	FONT_OBJ_6AC	52	1	0
0x8007e744	FntPrint	368	0	2
0x8007e8b4	FONT_OBJ_850	76	1	0
0x8007e900	FONT_OBJ_89C	128	0	1
0x8007e980	FONT_OBJ_91C	120	0	1
0x8007e9f8	FONT_OBJ_994	32	0	1
0x8007ea18	FONT_OBJ_9B4	32	0	1
0x8007ea38	FONT_OBJ_9D4	4	2	0
0x8007ea3c	FONT_OBJ_9D8	200	1	0
0x8007eb04	FONT_OBJ_AA0	40	1	0
0x8007eb2c	strlen	12	1	0
0x8007eb3c	LoadTPage	168	1	2
0x8007ebe4	EXT_OBJ_A8	4	1	0
0x8007ebe8	EXT_OBJ_AC	64	1	2
0x8007ec28	LoadClut	104	2	2
0x8007ec90	SetDefDrawEnv	192	2	2
0x8007ed50	SetDefDispEnv	60	2	0
