adresse	nom_ghidra	taille_octets	etat	fichier_cs	appelants_(plafonne_a_4)
0x8002C504	LAB_8002c504	8524	ABSENTE_DU_PORTAGE	-	0
0x8005A5B0	FUN_8005a5b0	8500	SOUCHE_BLOCKED	BattleManager.cs	3
0x80027670	FUN_80027670	6600	SOUCHE_BLOCKED	VS_EXE_exe.cs	0
0x800438C0	FUN_800438c0	6248	SOUCHE_BLOCKED	AnimCmdEffects.cs	3
0x8002ECC0	LAB_8002ecc0	6192	ABSENTE_DU_PORTAGE	-	0
0x80023890	FUN_80023890	5096	ABSENTE_DU_PORTAGE	-	1
0x8002B1B8	LAB_8002b1b8	4716	ABSENTE_DU_PORTAGE	-	0
0x80029A98	LAB_80029a98	4320	ABSENTE_DU_PORTAGE	-	0
0x800305EC	LAB_800305ec	3592	ABSENTE_DU_PORTAGE	-	0
0x800594B4	FUN_800594b4	2528	SOUCHE_BLOCKED	BattleManager.cs	1
0x80058338	FUN_80058338	2440	ABSENTE_DU_PORTAGE	-	1
0x80022AB0	FUN_80022ab0	2148	ABSENTE_DU_PORTAGE	-	3
0x80024C78	FUN_80024c78	2076	ABSENTE_DU_PORTAGE	-	1
0x8005D25C	FUN_8005d25c	2076	ABSENTE_DU_PORTAGE	-	1
0x8005DA78	FUN_8005da78	1908	ABSENTE_DU_PORTAGE	-	2
0x8004E758	FUN_8004e758	1776	SOUCHE_BLOCKED	FighterTask.cs	3
0x800340A8	FUN_800340a8	1764	ABSENTE_DU_PORTAGE	-	1
0x80045130	FUN_80045130	1764	SOUCHE_BLOCKED	AnimCmdEffects.cs	1
0x80057A7C	FUN_80057a7c	1700	ABSENTE_DU_PORTAGE	-	1
0x8005E1EC	FUN_8005e1ec	1696	ABSENTE_DU_PORTAGE	-	1
0x8002E650	LAB_8002e650	1648	ABSENTE_DU_PORTAGE	-	0
0x8002AB78	LAB_8002ab78	1600	ABSENTE_DU_PORTAGE	-	0
0x800313F4	LAB_800313f4	1464	ABSENTE_DU_PORTAGE	-	0
0x80029200	LAB_80029200	1456	ABSENTE_DU_PORTAGE	-	0
0x80026D98	FUN_80026d98	1448	ABSENTE_DU_PORTAGE	-	1
0x80034818	FUN_80034818	1408	ABSENTE_DU_PORTAGE	-	1
0x80023314	FUN_80023314	1404	ABSENTE_DU_PORTAGE	-	2
0x80052DB4	FUN_80052db4	1404	ABSENTE_DU_PORTAGE	-	4
0x800326AC	FUN_800326ac	1400	ABSENTE_DU_PORTAGE	-	1
0x80049008	FUN_80049008	1316	ABSENTE_DU_PORTAGE	-	1
0x8004EE48	FUN_8004ee48	1292	ABSENTE_DU_PORTAGE	-	1
0x8005C6E4	FUN_8005c6e4	1276	SOUCHE_BLOCKED	BattleManager.cs	3
0x800482EC	FUN_800482ec	1264	ABSENTE_DU_PORTAGE	-	2
0x8005A104	FUN_8005a104	1196	SOUCHE_BLOCKED	BattleManager.cs	1
0x8005404C	LAB_8005404c	1192	ABSENTE_DU_PORTAGE	-	0
0x8004D9F4	FUN_8004d9f4	1180	ABSENTE_DU_PORTAGE	-	1
0x800544F4	LAB_800544f4	1180	ABSENTE_DU_PORTAGE	-	0
0x8005F704	FUN_8005f704	1176	SOUCHE_BLOCKED	BattleScene.cs	3
0x8004E108	FUN_8004e108	1144	ABSENTE_DU_PORTAGE	-	2
0x80042054	FUN_80042054	1116	SOUCHE_BLOCKED	BattleScene.cs	4
0x8004C3E0	FUN_8004c3e0	1052	ABSENTE_DU_PORTAGE	-	1
0x8005F068	FUN_8005f068	1048	ABSENTE_DU_PORTAGE	-	1
0x8004A108	FUN_8004a108	1040	ABSENTE_DU_PORTAGE	-	4
0x80053B1C	LAB_80053b1c	1000	ABSENTE_DU_PORTAGE	-	0
0x80049A24	FUN_80049a24	996	ABSENTE_DU_PORTAGE	-	1
0x800424B0	FUN_800424b0	932	ABSENTE_DU_PORTAGE	-	2
0x80062684	FUN_80062684	920	SOUCHE_BLOCKED	VS_EXE_exe.cs	1
0x800338E0	FUN_800338e0	900	ABSENTE_DU_PORTAGE	-	1
0x80033564	FUN_80033564	892	ABSENTE_DU_PORTAGE	-	1
0x800496A8	FUN_800496a8	892	ABSENTE_DU_PORTAGE	-	1
0x8004D694	FUN_8004d694	864	ABSENTE_DU_PORTAGE	-	1
0x800501B8	FUN_800501b8	860	SOUCHE_BLOCKED	FighterTask.cs	1
0x80033210	FUN_80033210	852	ABSENTE_DU_PORTAGE	-	1
0x800411B4	FUN_800411b4	824	SOUCHE_BLOCKED	VS_EXE_exe.cs	3
0x80041D20	FUN_80041d20	820	ABSENTE_DU_PORTAGE	-	1
0x80027340	FUN_80027340	816	ABSENTE_DU_PORTAGE	-	1
0x80033C64	FUN_80033c64	796	ABSENTE_DU_PORTAGE	-	1
0x80042F74	FUN_80042f74	784	ABSENTE_DU_PORTAGE	-	2
0x80041724	FUN_80041724	760	ABSENTE_DU_PORTAGE	-	1
0x8003F994	FUN_8003f994	756	SOUCHE_BLOCKED	AnimCmdEffects.cs	1
0x800432B0	LAB_800432b0	744	ABSENTE_DU_PORTAGE	-	0
0x8002575C	FUN_8002575c	736	ABSENTE_DU_PORTAGE	-	1
0x8004A638	FUN_8004a638	728	ABSENTE_DU_PORTAGE	-	4
0x8003F6C0	FUN_8003f6c0	724	SOUCHE_BLOCKED	AnimCmdMesh.cs	1
0x8006071C	FUN_8006071c	720	ABSENTE_DU_PORTAGE	-	4
0x800558F8	LAB_800558f8	716	ABSENTE_DU_PORTAGE	-	0
0x80045F34	FUN_80045f34	712	SOUCHE_BLOCKED	AnimCmdMesh.cs	4
0x8004FD24	FUN_8004fd24	712	SOUCHE_BLOCKED	FighterTask.cs	4
0x80025B10	FUN_80025b10	692	ABSENTE_DU_PORTAGE	-	1
0x80025F38	FUN_80025f38	692	ABSENTE_DU_PORTAGE	-	1
0x8004AD80	FUN_8004ad80	676	ABSENTE_DU_PORTAGE	-	1
0x8004B098	FUN_8004b098	676	SOUCHE_BLOCKED	FighterTask.cs	1
0x8005515C	LAB_8005515c	652	ABSENTE_DU_PORTAGE	-	0
0x80041AA8	FUN_80041aa8	632	ABSENTE_DU_PORTAGE	-	1
0x80032C24	FUN_80032c24	628	ABSENTE_DU_PORTAGE	-	1
0x80054E24	LAB_80054e24	628	ABSENTE_DU_PORTAGE	-	0
0x8004AA9C	FUN_8004aa9c	624	ABSENTE_DU_PORTAGE	-	3
0x80059E94	FUN_80059e94	624	SOUCHE_BLOCKED	BattleManager.cs	1
0x80031B5C	LAB_80031b5c	620	ABSENTE_DU_PORTAGE	-	0
0x80048C20	FUN_80048c20	616	ABSENTE_DU_PORTAGE	-	1
0x800554E8	LAB_800554e8	612	ABSENTE_DU_PORTAGE	-	0
0x800264D8	FUN_800264d8	608	ABSENTE_DU_PORTAGE	-	1
0x8004CEA0	FUN_8004cea0	604	SOUCHE_BLOCKED	FighterTask.cs	1
0x800429A8	LAB_800429a8	592	ABSENTE_DU_PORTAGE	-	0
0x80022510	FUN_80022510	584	ABSENTE_DU_PORTAGE	-	1
0x80026AC0	FUN_80026ac0	584	ABSENTE_DU_PORTAGE	-	1
0x8004BF50	FUN_8004bf50	584	ABSENTE_DU_PORTAGE	-	2
0x8004D32C	FUN_8004d32c	584	ABSENTE_DU_PORTAGE	-	1
0x80040F78	LAB_80040f78	572	ABSENTE_DU_PORTAGE	-	0
0x800477EC	FUN_800477ec	568	SOUCHE_BLOCKED	FighterTask.cs	4
0x8004D0FC	FUN_8004d0fc	552	ABSENTE_DU_PORTAGE	-	1
0x800489FC	FUN_800489fc	548	ABSENTE_DU_PORTAGE	-	2
0x800487DC	FUN_800487dc	544	ABSENTE_DU_PORTAGE	-	2
0x800414EC	FUN_800414ec	536	SOUCHE_BLOCKED	VS_EXE_exe.cs	1
0x80058120	FUN_80058120	536	ABSENTE_DU_PORTAGE	-	1
0x8004BD3C	FUN_8004bd3c	532	ABSENTE_DU_PORTAGE	-	1
0x8003FC88	LAB_8003fc88	528	ABSENTE_DU_PORTAGE	-	0
0x80033020	FUN_80033020	496	ABSENTE_DU_PORTAGE	-	1
0x80050824	FUN_80050824	496	SOUCHE_BLOCKED	FighterTask.cs	1
0x80025570	FUN_80025570	492	ABSENTE_DU_PORTAGE	-	1
0x8004B68C	FUN_8004b68c	484	ABSENTE_DU_PORTAGE	-	1
0x8004C7FC	FUN_8004c7fc	464	ABSENTE_DU_PORTAGE	-	1
0x80060A88	FUN_80060a88	464	ABSENTE_DU_PORTAGE	-	1
0x8004BB70	FUN_8004bb70	460	ABSENTE_DU_PORTAGE	-	1
0x8004FFEC	FUN_8004ffec	460	ABSENTE_DU_PORTAGE	-	1
0x8005FD9C	FUN_8005fd9c	448	SOUCHE_BLOCKED	AnimCmdSound.cs	4
0x8005574C	LAB_8005574c	428	ABSENTE_DU_PORTAGE	-	0
0x8004B9CC	FUN_8004b9cc	420	ABSENTE_DU_PORTAGE	-	1
0x80026888	LAB_80026888	416	ABSENTE_DU_PORTAGE	-	0
0x80047E18	FUN_80047e18	416	ABSENTE_DU_PORTAGE	-	1
0x80060144	FUN_80060144	408	SOUCHE_BLOCKED	AnimCmdSound.cs	1
0x80054C10	LAB_80054c10	404	ABSENTE_DU_PORTAGE	-	0
0x8005E954	LAB_8005e954	404	ABSENTE_DU_PORTAGE	-	0
0x80061F1C	FUN_80061f1c	404	SOUCHE_BLOCKED	AnimVmInterpreter.cs	2
0x80045CF4	FUN_80045cf4	400	ABSENTE_DU_PORTAGE	-	4
0x80048160	FUN_80048160	396	ABSENTE_DU_PORTAGE	-	1
0x8004E5D0	FUN_8004e5d0	392	ABSENTE_DU_PORTAGE	-	1
0x80045814	FUN_80045814	388	ABSENTE_DU_PORTAGE	-	2
0x80045B70	FUN_80045b70	388	ABSENTE_DU_PORTAGE	-	4
0x80049F54	FUN_80049f54	388	SOUCHE_BLOCKED	FighterTask.cs	1
0x80025DC4	FUN_80025dc4	372	ABSENTE_DU_PORTAGE	-	2
0x80049534	FUN_80049534	372	ABSENTE_DU_PORTAGE	-	1
0x80061BD8	FUN_80061bd8	372	ABSENTE_DU_PORTAGE	-	2
0x80048E88	FUN_80048e88	368	ABSENTE_DU_PORTAGE	-	1
0x8004FA8C	FUN_8004fa8c	368	SOUCHE_BLOCKED	FighterTask.cs	1
0x800223A8	FUN_800223a8	360	ABSENTE_DU_PORTAGE	-	1
0x80054990	LAB_80054990	348	ABSENTE_DU_PORTAGE	-	0
0x80062B5C	FUN_80062b5c	348	SOUCHE_BLOCKED	VS_EXE_exe.cs	1
0x80031FE0	FUN_80031fe0	340	ABSENTE_DU_PORTAGE	-	2
0x80042854	LAB_80042854	340	ABSENTE_DU_PORTAGE	-	0
0x80047B10	FUN_80047b10	340	SOUCHE_BLOCKED	FighterTask.cs	4
0x80055C6C	FUN_80055c6c	340	ABSENTE_DU_PORTAGE	-	1
0x8005FF5C	FUN_8005ff5c	340	SOUCHE_BLOCKED	AnimCmdSound.cs	2
0x8005FB9C	FUN_8005fb9c	336	SOUCHE_BLOCKED	AnimCmdSound.cs	1
0x80032134	FUN_80032134	328	ABSENTE_DU_PORTAGE	-	1
0x80053F04	LAB_80053f04	328	ABSENTE_DU_PORTAGE	-	0
0x8005EF20	FUN_8005ef20	328	SOUCHE_BLOCKED	BattleManager.cs	4
0x8004DFC4	FUN_8004dfc4	324	ABSENTE_DU_PORTAGE	-	1
0x80050514	FUN_80050514	324	SOUCHE_BLOCKED	FighterTask.cs	1
0x800605D8	FUN_800605d8	324	ABSENTE_DU_PORTAGE	-	1
0x8004CB24	FUN_8004cb24	320	ABSENTE_DU_PORTAGE	-	1
0x80062A1C	FUN_80062a1c	320	SOUCHE_BLOCKED	VS_EXE_exe.cs	1
0x80042BF8	LAB_80042bf8	316	ABSENTE_DU_PORTAGE	-	0
0x800297B0	FUN_800297b0	312	ABSENTE_DU_PORTAGE	-	1
0x80043598	FUN_80043598	312	SOUCHE_BLOCKED	AnimCmdEffects.cs	1
0x80047550	FUN_80047550	312	SOUCHE_BLOCKED	AnimCmdControl.cs,AnimCmdMesh.cs	3
0x8005EB14	LAB_8005eb14	312	ABSENTE_DU_PORTAGE	-	0
0x80022870	FUN_80022870	308	ABSENTE_DU_PORTAGE	-	1
0x8004DE90	FUN_8004de90	308	ABSENTE_DU_PORTAGE	-	1
0x800261EC	FUN_800261ec	304	ABSENTE_DU_PORTAGE	-	1
0x80042E44	LAB_80042e44	304	ABSENTE_DU_PORTAGE	-	0
0x80053840	FUN_80053840	304	ABSENTE_DU_PORTAGE	-	1
0x8004B8A0	FUN_8004b8a0	300	ABSENTE_DU_PORTAGE	-	1
0x8004FBFC	FUN_8004fbfc	296	SOUCHE_BLOCKED	FighterTask.cs	1
0x80054AEC	LAB_80054aec	292	ABSENTE_DU_PORTAGE	-	0
0x80047CF8	FUN_80047cf8	288	ABSENTE_DU_PORTAGE	-	1
0x8004A518	FUN_8004a518	288	ABSENTE_DU_PORTAGE	-	1
0x8004CC64	FUN_8004cc64	288	ABSENTE_DU_PORTAGE	-	1
0x8004D574	FUN_8004d574	288	ABSENTE_DU_PORTAGE	-	1
0x800436D0	LAB_800436d0	284	ABSENTE_DU_PORTAGE	-	0
0x8004CD84	FUN_8004cd84	284	ABSENTE_DU_PORTAGE	-	1
0x80022758	FUN_80022758	280	ABSENTE_DU_PORTAGE	-	2
0x80049E30	FUN_80049e30	276	ABSENTE_DU_PORTAGE	-	1
0x80060364	FUN_80060364	276	ABSENTE_DU_PORTAGE	-	2
0x80042D34	LAB_80042d34	272	ABSENTE_DU_PORTAGE	-	0
0x8004C198	FUN_8004c198	272	SOUCHE_BLOCKED	FighterTask.cs	1
0x800539D0	FUN_800539d0	272	ABSENTE_DU_PORTAGE	-	4
0x800319AC	FUN_800319ac	268	ABSENTE_DU_PORTAGE	-	2
0x8002631C	FUN_8002631c	264	ABSENTE_DU_PORTAGE	-	2
0x8004B4A4	FUN_8004b4a4	264	ABSENTE_DU_PORTAGE	-	2
0x80026784	LAB_80026784	260	ABSENTE_DU_PORTAGE	-	0
0x80060478	FUN_80060478	260	ABSENTE_DU_PORTAGE	-	1
0x80021D94	FUN_80021d94	256	ABSENTE_DU_PORTAGE	-	1
0x800298E8	LAB_800298e8	256	ABSENTE_DU_PORTAGE	-	0
0x800553E8	LAB_800553e8	256	ABSENTE_DU_PORTAGE	-	0
0x80047A24	FUN_80047a24	236	SOUCHE_BLOCKED	FighterTask.cs	4
0x8005ED70	FUN_8005ed70	236	SOUCHE_BLOCKED	BattleScene.cs	2
0x800461FC	FUN_800461fc	228	ABSENTE_DU_PORTAGE	-	3
0x80025494	FUN_80025494	220	ABSENTE_DU_PORTAGE	-	1
0x80021E94	FUN_80021e94	216	ABSENTE_DU_PORTAGE	-	3
0x8004B5AC	FUN_8004b5ac	216	ABSENTE_DU_PORTAGE	-	1
0x8004C300	FUN_8004c300	216	ABSENTE_DU_PORTAGE	-	1
0x80025A3C	FUN_80025a3c	212	ABSENTE_DU_PORTAGE	-	1
0x800437EC	FUN_800437ec	212	ABSENTE_DU_PORTAGE	-	4
0x80047FB8	FUN_80047fb8	212	ABSENTE_DU_PORTAGE	-	3
0x8004808C	FUN_8004808c	212	ABSENTE_DU_PORTAGE	-	3
0x8004B3D0	FUN_8004b3d0	212	ABSENTE_DU_PORTAGE	-	1
0x8004CA54	FUN_8004ca54	208	ABSENTE_DU_PORTAGE	-	1
0x80050A14	FUN_80050a14	208	SOUCHE_BLOCKED	FighterTask.cs	1
0x8005E88C	LAB_8005e88c	200	ABSENTE_DU_PORTAGE	-	0
0x8005070C	FUN_8005070c	196	SOUCHE_BLOCKED	FighterTask.cs	1
0x8005EE5C	FUN_8005ee5c	196	SOUCHE_BLOCKED	BattleManager.cs	3
0x8003FE98	FUN_8003fe98	192	SOUCHE_BLOCKED	AnimCmdEffects.cs	1
0x80045A38	FUN_80045a38	184	ABSENTE_DU_PORTAGE	-	4
0x80047688	FUN_80047688	184	SOUCHE_BLOCKED	FighterTask.cs	4
0x80026424	FUN_80026424	180	ABSENTE_DU_PORTAGE	-	1
0x80050658	FUN_80050658	180	SOUCHE_BLOCKED	FighterTask.cs	1
0x800299E8	FUN_800299e8	176	ABSENTE_DU_PORTAGE	-	1
0x8005F480	FUN_8005f480	176	ABSENTE_DU_PORTAGE	-	1
0x8005FCEC	FUN_8005fcec	176	SOUCHE_BLOCKED	AnimCmdSound.cs	4
0x80047740	FUN_80047740	172	SOUCHE_BLOCKED	FighterTask.cs	4
0x80021F6C	FUN_80021f6c	168	ABSENTE_DU_PORTAGE	-	4
0x80030548	FUN_80030548	164	ABSENTE_DU_PORTAGE	-	2
0x80031AB8	FUN_80031ab8	164	ABSENTE_DU_PORTAGE	-	4
0x8005F660	FUN_8005f660	164	ABSENTE_DU_PORTAGE	-	1
0x80045998	FUN_80045998	160	ABSENTE_DU_PORTAGE	-	4
0x8005F5C4	FUN_8005f5c4	156	ABSENTE_DU_PORTAGE	-	1
0x80022198	FUN_80022198	152	ABSENTE_DU_PORTAGE	-	2
0x80047C64	FUN_80047c64	148	ABSENTE_DU_PORTAGE	-	4
0x8004B33C	FUN_8004b33c	148	ABSENTE_DU_PORTAGE	-	1
0x8005F530	FUN_8005f530	148	SOUCHE_BLOCKED	BattleScene.cs	1
0x800229A4	FUN_800229a4	144	ABSENTE_DU_PORTAGE	-	1
0x80026D08	FUN_80026d08	144	ABSENTE_DU_PORTAGE	-	1
0x8002C478	FUN_8002c478	140	ABSENTE_DU_PORTAGE	-	2
0x80041A1C	LAB_80041a1c	140	ABSENTE_DU_PORTAGE	-	0
0x8003ECFC	FUN_8003ecfc	136	SOUCHE_BLOCKED	AnimVmInterpreter.cs	1
0x8004C9CC	FUN_8004c9cc	136	ABSENTE_DU_PORTAGE	-	1
0x80051758	FUN_80051758	136	ABSENTE_DU_PORTAGE	-	3
0x800602DC	FUN_800602dc	136	SOUCHE_BLOCKED	BattleScene.cs	1
0x800322D0	FUN_800322d0	132	ABSENTE_DU_PORTAGE	-	3
0x80060C58	FUN_80060c58	132	ABSENTE_DU_PORTAGE	-	1
0x80045AF0	FUN_80045af0	128	ABSENTE_DU_PORTAGE	-	4
0x80054DA4	LAB_80054da4	128	ABSENTE_DU_PORTAGE	-	0
0x80031E34	FUN_80031e34	120	ABSENTE_DU_PORTAGE	-	4
0x80022230	FUN_80022230	116	ABSENTE_DU_PORTAGE	-	3
0x800222A4	FUN_800222a4	116	ABSENTE_DU_PORTAGE	-	2
0x80034D98	FUN_80034d98	116	SOUCHE_BLOCKED	VS_EXE_exe.cs	1
0x8004AD0C	FUN_8004ad0c	116	ABSENTE_DU_PORTAGE	-	3
0x8004B024	FUN_8004b024	116	ABSENTE_DU_PORTAGE	-	1
0x80022014	FUN_80022014	112	ABSENTE_DU_PORTAGE	-	2
0x80022084	FUN_80022084	112	ABSENTE_DU_PORTAGE	-	2
0x80031F70	FUN_80031f70	112	ABSENTE_DU_PORTAGE	-	2
0x800600B0	FUN_800600b0	112	SOUCHE_BLOCKED	BattleScene.cs	4
0x80031DC8	FUN_80031dc8	108	ABSENTE_DU_PORTAGE	-	4
0x8004A910	FUN_8004a910	108	ABSENTE_DU_PORTAGE	-	2
0x8004A97C	FUN_8004a97c	108	ABSENTE_DU_PORTAGE	-	4
0x80055098	LAB_80055098	108	ABSENTE_DU_PORTAGE	-	0
0x80031EAC	FUN_80031eac	104	ABSENTE_DU_PORTAGE	-	3
0x8005EC8C	FUN_8005ec8c	104	SOUCHE_BLOCKED	BattleScene.cs	1
0x80022134	FUN_80022134	100	ABSENTE_DU_PORTAGE	-	2
0x80053970	FUN_80053970	96	SOUCHE_BLOCKED	AnimCmdEffects.cs	4
0x8005D1FC	FUN_8005d1fc	96	SOUCHE_BLOCKED	VS_EXE_exe.cs	0
0x800609EC	FUN_800609ec	96	ABSENTE_DU_PORTAGE	-	1
0x80031F14	FUN_80031f14	92	ABSENTE_DU_PORTAGE	-	2
0x8004A9E8	FUN_8004a9e8	92	ABSENTE_DU_PORTAGE	-	3
0x80026A68	FUN_80026a68	88	SOUCHE_BLOCKED	VS_EXE_exe.cs	1
0x800304F0	FUN_800304f0	88	ABSENTE_DU_PORTAGE	-	1
0x8004AA44	FUN_8004aa44	88	ABSENTE_DU_PORTAGE	-	1
0x8004C2A8	FUN_8004c2a8	88	ABSENTE_DU_PORTAGE	-	1
0x80055104	LAB_80055104	88	ABSENTE_DU_PORTAGE	-	0
0x80055C14	LAB_80055c14	88	ABSENTE_DU_PORTAGE	-	0
0x8002C424	FUN_8002c424	84	ABSENTE_DU_PORTAGE	-	1
0x800507D0	FUN_800507d0	84	SOUCHE_BLOCKED	FighterTask.cs	1
0x80021D44	FUN_80021d44	80	ABSENTE_DU_PORTAGE	-	1
0x8004E580	FUN_8004e580	80	ABSENTE_DU_PORTAGE	-	2
0x80055BC4	LAB_80055bc4	80	ABSENTE_DU_PORTAGE	-	0
0x800290D0	FUN_800290d0	76	SOUCHE_BLOCKED	BattleManager.cs	1
0x80022318	FUN_80022318	72	ABSENTE_DU_PORTAGE	-	3
0x80022360	FUN_80022360	72	ABSENTE_DU_PORTAGE	-	2
0x80040F30	FUN_80040f30	72	ABSENTE_DU_PORTAGE	-	1
0x800220F4	FUN_800220f4	64	ABSENTE_DU_PORTAGE	-	2
0x80026A28	FUN_80026a28	64	ABSENTE_DU_PORTAGE	-	3
0x80055DFC	FUN_80055dfc	64	ABSENTE_DU_PORTAGE	-	0
0x80055DC0	FUN_80055dc0	60	ABSENTE_DU_PORTAGE	-	1
0x80060A4C	FUN_80060a4c	60	SOUCHE_BLOCKED	BattleManager.cs	1
0x80053AE8	LAB_80053ae8	52	ABSENTE_DU_PORTAGE	-	0
0x8005ECF4	FUN_8005ecf4	52	SOUCHE_BLOCKED	BattleManager.cs	1
0x80022A5C	FUN_80022a5c	44	ABSENTE_DU_PORTAGE	-	1
0x80043284	LAB_80043284	44	ABSENTE_DU_PORTAGE	-	0
0x8005EAE8	LAB_8005eae8	44	ABSENTE_DU_PORTAGE	-	0
0x80022A34	FUN_80022a34	40	ABSENTE_DU_PORTAGE	-	1
0x80022A88	FUN_80022a88	40	ABSENTE_DU_PORTAGE	-	4
0x8005ED28	FUN_8005ed28	36	SOUCHE_BLOCKED	BattleScene.cs	2
0x80041704	LAB_80041704	32	ABSENTE_DU_PORTAGE	-	0
0x8005EC4C	FUN_8005ec4c	32	SOUCHE_BLOCKED	BattleScene.cs	1
0x80053AE0	LAB_80053ae0	8	ABSENTE_DU_PORTAGE	-	0
0x8005D1F4	FUN_8005d1f4	8	SOUCHE_BLOCKED	BattleManager.cs	1
